rejected_publication_time	Count
NA	7186
<S.a.>	2542
s.a.	1938
[s.a.]	208
u.å.	87
[18-?]	72
[19??]	59
[S.a.]	56
[16??]	44
[1---]-	34
[19--]	30
[1---]	30
1929-	30
[s.n.]	28
1921-	26
1918-	26
1933-	24
1938-	24
1700-talet	24
1950-	23
[18--]-	23
1922-	23
1923-	23
1920-	22
1919-	22
1780-talet	22
1927-	21
1914-	21
1942-	21
1928-	21
1935-	21
S.a.	21
1770-talet	21
1925-	20
[190-?]	20
1931-	20
1945-	19
1936-	19
1932-	19
1926-	19
1924-	19
[17--?]	17
[189?]	17
1912-	17
1915-	17
1930-	17
1916-	16
1913-	16
1947-	16
1934-	16
1937-	15
[190?]	15
1760-talet	15
1907-	14
1941-	14
[19--?]	14
[19--]-	14
1951-	14
1740-talet	14
[192-?]	13
1906-	13
1948-	13
1940-	13
1943-	13
[191?]	13
1909-	12
1910-	12
1944-	12
[191-?]	11
1939-	11
1949-	11
1904-	11
1955-	11
[18--?]	10
[193?]	10
1905-	10
1953-	10
1890-	10
1954-	10
1750-talet	10
1893-	9
1892-	9
1908-	9
1917-	9
1946-	9
[194-?]	8
[189-?]	8
1886-	8
[16--?]	8
[19-?]	8
[192?]	8
1790-talet	8
1770-talet 1780-talet	8
[188-?]	7
[18--]	7
1911-	7
1902-	7
[194?]	7
1894-	7
1865-	6
193-?]	6
[19--?]-	6
[17--]	6
1898-	6
1884-	6
1952-	6
1900-	6
u. å. [16??]	6
1800-talet	6
190-?]	5
1866-	5
1897-	5
1891-	5
1895-	5
[185-?]	5
1880-	5
[187?]	5
1877-	5
1899-	5
1896-	5
1904-1905;1904	5
1887-	5
[186?]	5
1903-	5
1700-	5
(1944)	5
[185?]	4
1871-	4
19??	4
[195-?]	4
193?	4
1874-	4
(1924)	4
[s.a]	4
[188?]	4
18??-	4
1881-	4
[18??]-	4
1852-	4
1885-	4
1883-	4
(1955)	4
[183?]	4
[ca. 1670].	4
1720-talet	4
1770-	4
1848-	3
[193-?]	3
1853-	3
[179-?]	3
[192-]	3
1859-	3
[18??]	3
[17--]-	3
1836-	3
19??-	3
1888-	3
1850-	3
[u.å.]	3
1889-	3
[19--]-[19--]	3
<U+1790>	3
<U+1783>	3
[19??]-	3
1841-	3
1869-	3
s.a. [190?]	3
s.a. [1910-talet.]	3
1847-	3
1920.[Undert.]	3
Tryckt i åhr. [16??]	3
tryckt nu nyligen [1690-talet].	3
[ca. 1640].	3
u. å., [16??]	3
u. å.,;[16??]	3
1876-	3
1901-	3
1872-	3
1861-	3
1740-	3
1820-talet	3
1750-talet 1760-talet	3
1730-talet	3
[c1941]	3
[c1943]	3
1910-[194-]	2
1875-	2
[19--]-1952	2
[1926]-	2
1891-[1---]	2
[182-?]	2
u. å.	2
1840-	2
[1880-t.]	2
19--	2
[18--?]-	2
1838-????	2
1835-	2
1845-	2
1921-1922;1921-1922;1922	2
1949-1955;1949;1949-1955	2
[1918]-	2
[1---?]-	2
[1---]-[19--]	2
[190-]	2
62 A y (Br.) FOL.	2
1844-	2
c1948	2
[189-?]-	2
[191-]	2
<U+1692>	2
<U+1687>	2
<U+1675>	2
<U+1636>	2
<U+1825>	2
<U+1792>	2
<U+1788>	2
<U+1779>	2
[1----]-	2
[omkr.1878]	2
[1890-t.]	2
[stentr.1861]	2
17--?]	2
[1935]-	2
1882-	2
[omkr.1930]	2
[184?]	2
[170-?]	2
[1---?]	2
1843-	2
1934.[Anon.]	2
[191-?]-	2
[186-?]	2
(1901)	2
(1929)	2
1886.[Undert.]	2
(1937)	2
(1951)	2
(1941)	2
1868-	2
c1990	2
(1879)	2
Tryckt åhr 1693.	2
Tryckt åhr 1694.	2
[ca. 1690].	2
[1640-talet].	2
[ca. 1620].	2
[169?]	2
u.å. [16??]	2
[168?]	2
[166?]	2
[ca. 1665].	2
[1690-talet]	2
[ca. 1656].	2
u.å.,;[16??]	2
1834-	2
[195?]	2
1860-1876;1880	2
1858-	2
1760-	2
1710-talet	2
1813-	2
1878-	2
1871-1873;1872	2
1871-1873;1871	2
1897-1898;1897	2
1953-1955;1955	2
[189-]	2
[c1945]	2
1896-1899;1895	2
1939-1963;1955	2
1877-[191-?]	1
1872-1893 (1-22)	1
19uu	1
1854-	1
1865-[?]	1
1922- [19--]	1
[178-?]	1
[180-?]	1
1907/08	1
19nn-	1
[18--]-[1---]	1
[1---?]-[1930?]	1
1946-1982;1946-1979;1980-1982	1
1977-	1
[1896?]-	1
[173-?]	1
1940-46, 1950-53	1
1878-84 (1-7)	1
1944/45	1
1951:1 V.T.	1
1953:Nr 1 Juni; 1954:Nr 2 Maj	1
[1---] - [1----]	1
193?-	1
[194-]-1945	1
1951-1955;1953	1
[1943]-1969;[1943]-1945?;1946?-1966;1966-1969	1
1891-1911 (1-47)	1
[19--- - 1943]	1
1912-[19--]	1
[189-]-[19--]	1
[1870-?]	1
[18--]-[19--]	1
Göteborg	1
1896(1):1-5	1
1830. Präntätty Joh. Chr. Frenckellin tykönä.	1
1887-90:1-8*(1-4)	1
1876-79. 1-3	1
1817: 13/12-27/12	1
( 1-2)1835-1836	1
187-?]	1
1864-1865, 1866-1869 (Ny följd)	1
1920-1926;1920-1921;1925-1926	1
1868-[18--]	1
1945-;2008-	1
1850-52(1-3)	1
1949-1981;1949-1951;1951-1956;1956-1969;1969-1976;1976;1976;1976-1981	1
1-4 (1912-1915)	1
1877-[19--];1877;1878;1879-1904;1905-[19--]	1
18--?]	1
1928-[19--]	1
u.å. [173-]	1
1955-1966;1955;1957;1958-1959;1960-1966	1
1845-1857;1845-1848;1849-1856;1856-1857	1
1878, 79	1
189-?]	1
1851(	1
1831-	1
1948-?	1
1968-1969;1968;1968-1969	1
18??	1
1904-1926;1904-1915;1915-1926	1
1895-6	1
s.a. [1880-90-t.]	1
1924-[----?]	1
Carlstad	1
1933-1934;1933;1933;1934	1
1933-1934;1933;1933-1934	1
1914-1919;1914-1915, 1917;1915, 1919;1916	1
1933-1935;1933-1934;1935	1
[1862]-	1
[18-- ]-	1
1889-[1---?]	1
1873-	1
1916-[192-]	1
1883-1967;1883-1905;1906-1944;1944-1947;1947-1965;1965-1967	1
1922-1958;1922-1932;1932-1958	1
1834--[1---]	1
1946-1970;1946-1959;1959-1968;1970	1
1946-[19--]	1
1916-1918;1916-1917	1
1930-1947;1930-1934;1934-1947	1
1918-1927;1918-1921;1921-1924;1925-1927	1
1929-1936;1929-1933;1934-1936	1
1904-1911;1904-1906;1907-1909;1909-1911	1
1827-[1---]	1
[17--?]-	1
1795-	1
1868-1920;1868-1906;1907-1920	1
1781:1-13	1
1790-[??]	1
2. uppl. - 1881-	1
1925-1950;1925-1926;1926-1929;1939-1950	1
1930-1934;1930-1932;1933-1934	1
1897-1969;1897-1898;1898-1900;1900-1905;1906-1913;1913-1924;1925-1969	1
1925-1929;1925-1926;1927;1928	1
1914-15_1-20	1
1898-1957;1898-1900;1900-1957	1
1927-1942;1927;1928-1942	1
1908-1925;1908-1922;1922-1925	1
1922-1962;1922-1954;1954-1962	1
1890-1948;1890-1897;1898-1922;1924-1948	1
1940-[19--]	1
1925-1927;1925-1926;1926-1927	1
1921-1935;1921-1929;1930-1935	1
1949-1955;1949-1952;1952-1955;1955-1960	1
1940-1943;1940-1943;1943	1
[19--]-1959	1
1931-[19--?]	1
1958-1990 ; 2006-	1
1932-1967;1932-1944;1951-1954;1955-1967	1
[18---?]	1
1867-	1
1860-18--	1
1951-1970;1951-1955, 1961-1962;1956-1961;1963;1963-1970	1
1951-1967;1951-1959;1959;1960-1967	1
[1800]-	1
1867-71 (20-24);1848 (årg. 1)	1
[1700]-	1
1951-1964;1951-1962;1963-1964	1
[18--?]-[----?]	1
1910-1972;1910-1939;1940-1972	1
1892, 93	1
1882:6-12	1
1912-[191-?]	1
1952-1954;1952-1953;1953-1954	1
1940-1941;1940-1941;1941	1
1913-1956;1913-1921;1921-1923;1923-1956	1
1941-1947;1941-1943;1944-1947	1
1925-1940;1925-1930;1930-1940	1
1929-1935;1929;1930-1935	1
1925-1937;1925-1926;1926-1928;1928-1937	1
1908-1910;1908;1909-1910	1
1931-1952;1931-1935;1931-1952	1
1936-1953;1936-1937;1937-1953	1
1927-1928;1927;1927-1928	1
[194?]-1945	1
1937-1951;1937-1938;1939-1945;1950-1951	1
1937-1958;1937-1939;1939-1958	1
1899-1909;1899-1907;1807-1909	1
1907-1909;1907-1908;1908-1909;1909	1
1930-????	1
[1913?]-	1
1947-1950;1947-1949;1949-1950	1
1917-1919;1917-1918;1918-1919	1
1928-1957;1928-1932;1932-1935;1936-1957	1
1924-1931;1924-1926, 1930-1931;1926-1929;1931	1
1943-1952;1943-1948	1
1908-1909;1908-1909;1909	1
1899-1955;1899-1901;1902-1919;1920-1948;1949-1955	1
1892-1919;1892-?;1900-1901;1902-1903;1904-1905;1906-1911, 1913;1912;1914-1917;1918-1919	1
1832-	1
1908-1932;1908-1914;1915-1920;1927-1932	1
1908-1922;1908-1912;1913-1914;1915-1922	1
1945-1962;1945-1951;1951-1957;1957-1962	1
1922-1932;1922-1923;1924-1926;1927-1929;1930-1932	1
1952-1969;1952-1968;1968-1969	1
1939-1949;1939-1947;1948-1949	1
1907-1966;1907-1916, 1920, 1923, 1930-1958;1917-1919, 1921-1922, 1924-1925;1926-1929;1959-1966	1
1838-	1
1828-	1
1846-	1
1924-1928;1924-1925;1925;1926;1926;1927-1928	1
1897-1919;1897-1901;1902-1906;1906-1907;1908-1909;1910;1911-1912;1912-1916;1916;1917-1919	1
1907-1970;1907-1936;1937-1955;1956-1970	1
C. E. Fritzes Bokförlags AB	1
1920-1925;1920;1921-1923;1924;1925	1
1953-1957;1953-1954;1954-1956;1956-1957	1
1917-1934;1917-1920;1921-1934	1
1907-1938;1907-1908;1908-1938	1
1907-1921;1907-1916;1916;1916-1921	1
1944-1948;1944-1947;1948	1
1899-[-1900?]	1
1848: 1	1
1948-1957;1948-1949;1949-1957	1
1934-1939;1934-1937;1938;1939	1
1934-1970;1934-1938;1938-1941;1941-1970	1
1882-85 (1-4)	1
1895-1903;1895;1896-1903	1
1935-1949;1935-1938;1939-1941;1949	1
1909-1948;1909-1910;1911-1912, 1915-1928;1913-1914;1929-1948	1
1914-1939;1914-1915;1916-1939	1
I.Reihe:1-3 - II.Reihe:1	1
1885-1923;1885-1896;1896-1923	1
1906-1920;1906-1908;1909-1916;1916-1920	1
1929-1936;1929-1934;1934-1936	1
1908-1939;1908-1918;1919-1927;1928-1938;1939	1
188?	1
1874-1926;1874-1899;1900-1905;1906-1920;1921-1926	1
1835-1837 6 vol	1
1922-1923;1922;1923;1923	1
1905-1950;1905-1908;1909-1910;1911-1912;1912-1920;1921-1929;1929-1934;1934-1937;1937-1938;1938-1950	1
1940-1942;1940;1941-1942	1
1924-1943;1924-1927;1928-1943	1
1908-1916;1908-1909;1912-1916	1
1872-1892;1872-1878;1879-1887;1888-1892	1
1924-1939;1924-1927;1928-1939	1
1924-1938;1924-1927;1928-1938	1
180-?]	1
1924-1934;1924-1927;1928-1934	1
1941-1957;1941-1949;1950-1957	1
1924-1936;1924-1929?;1930?-1936	1
1934-1941;1934-1939;1939-1941	1
1925-1939;1925;1926;1926-1930;1930-1939	1
1902-1905;1902-1903;1904-1905	1
1933-1961;1933-1943, 1948-1960;1944-1948;1961	1
1930-1932;1930-1931;1932	1
1831/1832-1833/1834	1
1930-1932;1930-1931;1931-1932	1
1945-1947;1945-1946;1946-1947	1
1925-1978;1925-1935;1936-1943;1944-1978	1
1909-1934;1909;1909-1911;1914-1926;1926-1933;1933-1934	1
1917-1918;1917-1918;1918	1
Showa 9 [=1934]	1
1949-1960;1949-1955;1956-1958;1958-1960	1
1947-1949;1947;1948-1949	1
[18---]-	1
1945-1946;1945;1946	1
1947-1953;1947;1949-1953	1
1895-1914;1895-1899, 1904-1905;1900-1903;1903-1904;1905-1909;1909-1914	1
1885-1923;1885-[18--];[18--]-1923	1
1897-1912;1897-1902;1903-1911;1911-1912	1
1935-1938;1935-1936;1936-1938	1
An 7 (1799 v.s.)	1
1913-1951;1913-1916;1916-1935;1936-1941;1941-1951	1
1962-1967;1962-1963;1963-1967	1
1950-1951;1950;1950-1951	1
[1---]-[1---]	1
1943-1955;1943-1951;1952-1955	1
1889-1920;1889;1909-1910;1910-1915;1915-1917;1918-1920	1
1861-1952;1861-1874;1875-1953	1
1913-1917;1913-1915;1915-1917	1
1917-1930;1917-1928;1928-1930	1
1901-1919;1901-1906;1907-1919	1
1936-1960;1936-1945;1946-1953;1954-1955;1955-1958;1958-1960	1
1898-1927;1898-1907;1907-1927	1
1915-1930;1915-1918;1918-1919;1925;1925-1930	1
1902-1967;1902-1912;1913;1915-1967	1
1906-1960;1906-1926;1927-1960	1
1896-1973;1896-1901;1902-1941;1941-1962;1965-1973	1
1900-1965;1900-1921;1922-1923;1924-1956;1957-1965	1
1903-1959;1903;1904-1910;1911-1959	1
1897-1933;1897;1898-1909;1910-1922;1923-1933	1
1895-1907;1895;1900-1905;1907	1
1898-1920;1898-1902;1909-1910;1903-1908, 1911-1913;1920	1
5681-5685 [=1921-1925]	1
1931-1939;1931-1936;1937-1939	1
1903-1908;1903-1907;1908	1
[1950?}	1
1945-1946;1945-1946;1946	1
1951-1970;1951-1967;1968-1970	1
1901-1912;1901;1902-1908;1908-1911;1911-1912	1
1885-1913;1885-1892;1892-1913	1
1937-1974;1937-1941;1941-1951;1951-1974	1
1910-1939;1910;1910-1915;1916-1917;1917-1921;1921-1927;1927;1931-1932;1932-1939	1
1923-1948;1923-1929;1929-1931;1931-1948	1
1907-1921;1907-1910;1911-1921	1
[19??]-1922	1
1943-1964;1943-1961;1961-1963;1963-1964	1
1926-1967;1926-1936;1936-1949;1949-1953;1953-1962;1962-1967	1
1935-1947;1935-1939;1939-1942;1943;1945;1946;1946;1947	1
1942-1958;1942;1956-1958	1
1927-1949;1927-1933;1944-1949	1
1951-1956;1951;1951-1956	1
1911-1917;1911-1912;1913;1913-1915;1915-1917	1
1952-1960;1952-1960;1960	1
1946-1951;1946-1951;1951	1
1910-1929;1910-1915;1927-1929	1
1944-1961;1944-1950;1950-1961	1
1910-1913;1910-1911;1911-1912;1912-1913	1
1899-1913;1899-1902;1903-1913	1
1953-1960;1955-1956;1957-1958;1959-1960	1
1946-1960;1946;1946-1951;1959-1960	1
u.å	1
1931-[19--]	1
1919-1945;1919;1920-1922;1923-1945	1
G. Lindström,;1899-1902	1
1909-1910;1909;1910	1
1946-1947;1946;1947	1
[1903-1905w	1
1945-1947;1945;1945-1946;1947	1
1946-1952;1946-1950;1950-1951;1951-1952	1
1934-1938;1934;1938	1
1924-1927;1924-1925;1926-1927	1
1866-1910;1866-1895, 1907-1908;1896-1906;1908-1910	1
1946-1953;1946-1953;1953	1
1906-1926;1906;1906-1911;1912;1913-1915;1915-1916;1917-1921;1921-1926	1
1924-1976;1924-1927;1928-1956;1957-1971;1972-1976	1
u.å. [188?]	1
[19??-19??]	1
1930-1956;1930;1930-1956	1
1933-1970;1933-1944;1945-1970	1
1912-18: 1-2	1
1927-1939;1927-1928;1930-1939	1
1926-1943;1926-1928;1928-1943	1
1948-1963;1948-1949;1949-1951;1951-1954;1952-1963	1
1911-1917;1911-1916;1917	1
1935-1970;1935-1938;1938-1950;1951-1970	1
1918-1921;1918-1919;1919-1921	1
[194?]-1944;[194?]-1943;1943-1944	1
1950-1963;1950-1955;1956-1957;1958-1963	1
1954-1955;1954-1955;1955	1
1939-1943;1939-1940;1940-1943	1
1936-1960;1936-1939;1939-1943;1944-1951;1953-1956;1957-1960	1
1929-1931;1929-1930;1930-1931	1
1930-1935;1930-1932;1933-1935	1
1924-1930;1924;1925-1926;1926-1930	1
[1943]-1949;[1943]-1947;1948-1949	1
1920-1923;1920-1923;1924	1
1886-1933;1886-1899;1900-1933	1
1895-1967;1895-1900;1901-1909;1909-1910;1911-1916, 1926-1960;1917-1926;1960-1962;1962-1965;1965-1967	1
1910-1924;1910-1911;1912-1919;1919-1924	1
1925-1929;1925-1929;1929	1
1909-1966;1909-1919;1920;1920-1966	1
[187-]	1
1921-1941;1921-1922;1922-1923;1923-1935;1936-1941	1
1910-1947;1910-1917;1919-1930;1931-1947	1
1894-;1906-1907, 1912, 1917-1918;1919-	1
1889-1902;1889-1891;1899-1902	1
1912-1917;1912-1913;1914-1917	1
1945-1957;1945-1947;1947-1948;1948-1952;1953-1957	1
1920-1943;1920-1937;1938-1943	1
1929-1941;1929-1933;1934-1941	1
1939-1952;1939-1942;1943-1952	1
1941-1948;1941-1943;1943-1948	1
1933-1944;1933-1938;1938-1944	1
1919-1955;1919-1938;1938-1955	1
1942-1971;1942-1945, 1947;1946;1951;1952-1971	1
1910-1944;1910-1932;1932-1941;1941-1944	1
1943-1945;1943;1943-1945	1
1892-?	1
[1926-?]	1
1904-1910;1904-1907;1907-1910	1
1941-1943;1941-1943;1943	1
1929-1935;1929-1935;1935	1
1909-1931;1909;1910-1930;1930-1931	1
1944-1971;1944-1956;1957-1962;1963-1971	1
1923-1969;1923;1933-1949;1950-1969	1
1937-1944;1937;1937-1939;1939-1942;1942-1944	1
1921-1969;1921-1938;1938-1942;1943;1943-1952;1952-1969	1
1936-1937;1936;1937	1
1934-1935;1934;1934-1935;1935	1
1937-1942;1937-1938;1938-1942	1
1940-1949;1940-1944;1944-1947;1947-1949	1
1846-[1?--]	1
1896-[19--]	1
1912-1921;1912-1914;1915-1921	1
1940-1942;1940-1941;1942	1
1920-1942;1920-1934;1935-1942	1
1924-2001;1924-1927;1928-1932;1933-1975;1976-1977;1978-1984;1985-2001	1
1943-1954;1943-1947;1951-1954	1
1918-1955;1918;1918-1925;1926-1938;1938-1955	1
1885-1940;1885-1926;1927;1928-1940	1
1911-1954;1911-1917;1918;1919-1926;1926-1929;1930-1933;1934-1938;1939;1939-1942;1943-1950;1950-1953;1953;1954	1
1(1863) - 5(1888)	1
1929-1982;1929-1938;1938-1968;1968-1982	1
1925-1944;1925-1938;1940-1944	1
1924-1935;1924-1928;1929-1935	1
1932-1973;1932-1970;1971-1973	1
1877-1918;1877-1886;1887-1893;1917-1918	1
1913-1928;1913-1915;1915;1916-1928	1
[1889]-	1
1932-1971;1932-1948;1949-1954;1954-1971	1
1929-1931;1929-1931;1931	1
1935-1957;1935-1946;1947-1957	1
1926-1939;1926;1927-1939	1
1924-1932;1924;1924-1932	1
1893-1992;1893-1967;1968-1992	1
1930-1944;1930;1930-1931;1931-1935;1936-1939;1939-1941;1941-1944	1
1898-[19--]	1
[1900]-1930;1927;1928-1930	1
1946-1954;1946-1948;1951-1954	1
1930-1943;1930-1932;1932-1943	1
1878-1916;1878-1900;1900-1916	1
1918-1940;1918;1918-1920;1935;1936-1940	1
1932-1962;1932;1933-1962	1
1926-1975;1926-1932;1933-1967;1967;1967-1973;1974-1975	1
1949-1951;1949-1950;1951	1
1948-1974;1948-1964, 1966-1970;1964-1966;1970-1974	1
1853,54(1,2)	1
1903-1949;1903-1904;1905-1914;1915-1949	1
1937-1957;1937-1945;1946-1957	1
1928-1946;1928-1930;1931-1946	1
1938-1949;1938-1939;1939;1939-1940;1940-1941;1941-1942;1942-1945;1945-1949	1
1862-1901;1862-1899;1900;1900-1901	1
1953-1955;1953-1954;1955	1
1903-1966;1903-1907;[19--]-1966	1
1930-1932;1930;1931-1932;1932	1
1942-1951;1942-1946;1946-1951	1
1933-1949;1933-1934;1935-1949	1
1950-1976;1950-1959;1960;1961-1965;1965-1976	1
1927-1967;1927-1953;1953-1967	1
1919-1947;1919-1920;1920-1947	1
1934-1951;1934-1947;1947-1948;1949-1951	1
1928-1939;1928-1930;1930-1933;1933-1935;1935-1939	1
1912-1948;1912-1913;1942-1948	1
1932-1970;1932;1932-1970	1
1913-1924;1913-1915;1916-1917;1918-1919;1920-1924	1
1895-1918;1900-1905;1906-1911;1912-1918	1
1904-1943;1904-1912;1912-1943	1
1930-1934;1930-1932;1932-1934	1
1933-1935;1933;1933-1935	1
1931-1938;1931-1934;1936-1939	1
1946-1954;1946-1949;1950-1952;1952-1954	1
1916-1963;1916-1943;1943-1963	1
1926-1967;1926-1952;1953;1953-1961;1961-1964;1965-1967	1
1903-1939;1903;1925-1939	1
1892-1943;1892-1902;1902-1903;1904-1943	1
1922-1936;1922;1923-1931;1931-1936	1
1876-1883: 1-8	1
1938-1953;1938-1950;1951-1953	1
1924-1927;1924;1925-1927	1
1893-1955;1893-1895;1896-1938;1939-[1955]	1
1883-1929;1883-1907;1908-1929	1
1908-1926;1908-19??;19??-1912;1913-1920;1921-1926	1
1950-1962;1950-1953;1953-1954;1954-1956;1957-1962	1
1921-1966;1921-1943;1943-1966	1
1884-1924;1900-1905;1906-1924	1
1904-1942;1904-1911;1912-1925;1926-1942	1
1913-[1920];1913-1915;1918-[1920]	1
1941-1966;1941-1942;1942-1966	1
1949-1955;1949;1950-1955	1
1943-1958;1943-1951;1951-1953;1954-1958	1
1924-1926;1924;1924-1926	1
1917-1919;1917-1918;1919	1
1901-1918;1901;1902-1918	1
1926-1943;1926;1928-1933;1936;1936-1942;1942-1943	1
1905-19(1-3)	1
1928-1932;1928;1930-1932	1
1946-1955;1946-1951;1951;1952-1955	1
1898-1930;1898-1900;1901-1904;1904-1930	1
[1874-?]	1
1852(I.-II.)	1
1903-1908;1903-1904;1906;1908	1
1888-1931;1888-1904, 1907-1908;1904-1906;1909-1912;1912;1913;1914-1931	1
1864-[1---]	1
1919-1921;1919;1919-1921	1
1932-1949;1932;1933-1952	1
1928-1976;1928-1933;1934-1942;1942-1976	1
1909-1934;1909-1910;1910-1934	1
1930-1931;1930;1930-1931;1931	1
1916-1942;1916-1919;1919-1924;1924-1939;1939-1940;1941-1942;1942	1
1951-1953;1951;1951-1953	1
1929-1951;1929-1930;1930-1932;1932;1933-1935;1935-1942;1942-1951	1
1928-1929;1928-1929;1929	1
1889-1965;1889-1906;1907-1922, 1935-1940, 1944-1955;1923-1934, 1941-1943;1956-1958;1959-1965	1
1918-1945;1918-1921;1922-1945	1
1915-1916;1915;1916	1
1921-1925;1921;1923;1923;1924;1924;1925	1
1887, -88, -90	1
1919-1939;1919-1933;1933-1934;1934-1939	1
1937-1940;1937-1939;1940;1940	1
1946-1965;1946-1949;1949-1958;1958-1965	1
1946-1955;1946-1953;1953;1953-1955	1
1907-1913;1907;1907-1913	1
1882-1938;1882-1933;1934-1938	1
[17--?].	1
1943-1947;1943-1945;1945;1945-1947	1
1898-1922;1898-1899;1900-1904;1906-1916;1917-1922	1
1920-1928;1920-1921;1921-1928	1
1945-63 (1-8)	1
1927-1968 (1-13)	1
1944-1952;1944-1947;1948-1952	1
1934-1939;1934-1935;1937-1938;1938-1939	1
1910-1922;1910-1918;1919-1922	1
1893-1901;1893-1901;1901	1
1873-1903;1873-1875;1900-1903	1
1925-1928;1925-1926;1928	1
1890-1929 (1-20)	1
1946-1950;1946-1947;1948-1950	1
1864-72.(1-9.)*	1
1916-1927;1916-1924;1924-1927	1
1874-1942;1912;1913-1942	1
1944-1971;1944-1952;1952-1955;1955-1969;1969-1970;1971	1
1911-1941;1911-1918;1919-1941	1
1936-1940;1936-1937;1937-1940;1940	1
1835:1-151	1
1931-1964;1931-1936;1936;1937-1950;1951-1964	1
[1844-18--?]	1
1903-1926;1903-1913?;1914?-1926	1
1914-1965;1914-1916;1916-1924;1924-1965	1
1923-1926;1923-1926;1926	1
1941-1964;1941-1942;1942-1954;1954-1961;1962-1964	1
1889-[1---]	1
1900-1946;1900-1901;1901-1914;1914;1914;1915-1946	1
1869-1882(1-19)	1
1911-1925;1911-1920;1921-1925	1
1920-1926;1920-1921, 1923-1926;1921-1923;1926	1
1913-1926;1913-1915;1917-1919;1916-1917, 1920-1926;1926	1
1886-1911;1886-1900;1901-1907;1908-1911	1
1921-1943;1921-1922;1923-1943	1
2002-	1
1833, 1	1
194?-195?	1
[194?]-[194?]	1
1926-1954;1926-1950;1951-1954	1
1930-1954;1930-1932;1933-1948;1948-1954	1
1914-1949;1914-1939;1940;1941-1949	1
1939-1960;1939-1957;1958-1960	1
1897-1938;1897-1904;1905-1907;1908-1922;1923-1938	1
1660-talet	1
1932-1935;1932-1934;1934;1934-1935	1
1877-1915;1877-1899;1900-1915	1
1932-1947;1932-1945;1945-1947	1
1939-1941;1939;1940-1941	1
1924-1956;1924-1925;1926-1932;1933-1956	1
1929-1957;1929-1930;1931-1957	1
1907-1953;1907-1908;1909;1910-1912;1913-1914;1915-1929;1930-1953	1
1944--?	1
1922-1947;1922-1923;1925-1947	1
1916-;1916-1947;1948-1951;1952-1960;1961-1988;1989-2000;2010;2000-2009, 2011-	1
1919-1923;1919;1920-1923	1
[1912-19--]	1
1925-1959;1925-1956;1957-1959	1
1943-[19--]	1
1934-1965;1934-1960;1961-1965	1
1940-1967;1940-1942;1943-1967	1
1909-1965;1909;1909-1965	1
1929-1933;1929-1930;1931-1933	1
1919-1922;1923-1929	1
1906-[19--?]	1
1912-1954;1912-1919;1920-1941;1941-1954	1
{1928]	1
1854-[18--]	1
1900-1957;1900-1922;1922-1957	1
1911-1948;1911;1911-1944;1944-1948	1
1962-1978;1962-1970;1970:9-1978	1
1901-1946;1901-1905;1913-1920;1921-1946	1
1900-1954;1900-1916;1917-1941;1942-1954	1
Kjöbenhavn	1
1930-1931;1930;1931	1
1950-57 (1-9)	1
1944-1957;1944-1947;1947-1956;1957	1
185?-	1
1937-1965;1937-1940;1940-1965	1
1932-1936;1932;1933-1936	1
1942-1957;1942-1948;1949-1957	1
1938-2004;1938-1975;1976-2004	1
[18]-	1
[19]-	1
1914-1974;1914-[19--];[19--]-1974	1
1907-1962;1907-1934;1934-1962	1
1895-1934;1895-1911;1912-1934	1
1934-1935;1934;1934-1935	1
1924-;1924-1946;1946-	1
1916-1940;1916-1930;1931-1940;1940	1
1933-1935;1933-1934;1934-1935	1
1909-1913;1909-1910;1910-1913	1
1880-1917;1880-1906;1906-1917	1
1920-1950;1920-1947;1948-1950	1
1912-;1912-1924;1925-	1
1924-1926;1924;1924-1925;1925-1926	1
<U+1709>	1
<U+1699>	1
<U+1698>	1
<U+1697>	1
<U+1696>	1
<U+1694>	1
<U+1693>	1
<U+1689>	1
<U+1688>	1
<U+1685>	1
<U+1683>	1
<U+1680>	1
<U+1679>	1
<U+1672>	1
<U+1668>	1
<U+1658>	1
<U+1590>	1
<U+1569>	1
<U+1541>	1
<U+1833>	1
<U+1815>	1
[181-?]	1
<U+1803>	1
<U+1793>	1
<U+1787>	1
<U+1786>	1
<U+1780>	1
<U+1774>	1
<U+1760>	1
<U+1759>	1
<U+1745>	1
<U+1735>	1
<U+1733>	1
<U+1730>	1
<U+1724>	1
1929-1961;1929-1938;1939;1957-1960;1960-1961	1
1930-1940;1930-1937;1937-1940	1
1918-1959;1918-1952;1953-1959	1
1911-1927;1911-1917;1918-1927	1
1910-1966;1910-1945;1945-1966	1
1876-;1876-?	1
1920-1978;1920;1920-1952;1952-1953;1953;1953-1976;1976-1978	1
1927-1931;1927-1930;1931	1
1923-1936;1923-1924;1933-1935;1936	1
1931-1932;1931;1931-1932	1
1876-1964;1876-1920;1921-1964	1
1890-1917;1890-1893;1894-1901;1902-1906;1906-1911;1911-1912;1912-1917	1
[1916]-	1
1913-1975;1913-1921;1922-1975	1
1897-1939;1900-1910;1911-1939	1
1921-1930;1921-1923;1923-1930	1
1899-1927;1899-1906;1906-1912;1912-1927	1
1898-1961;1898-1900;1900-1961	1
1942-1959;1942-1948;1949-1959	1
1911-1922;1911-1918;1919-1922	1
1894-1907;1894-1899;1900-1902;1903-1904	1
1931-1936;1931-1932;1932-1936	1
1911-1970;1911-1933;1934-1970	1
1951-1955;1951-1955;1955	1
[1841]-	1
1897-1922;1897-1898;1898-1921	1
1904-1905;1905	1
1895-1905;1895-1901;1901-1904;1904;1904-1905	1
1899-1912;1899-1906;1907-1909;1909-1910;1910-1911;1911-1912	1
1899-1922;1899;1900-1905;1906-1922	1
1909-1933;1909-1911;1912-1933	1
[19---?]	1
1842-1918;1842-1907;1908-1918	1
1905-1962;1905-1914;1914-1921;1922-1923;1924-1962	1
1908-1918;1908-1915;1916-1918	1
1913-1924;1913-1916;1917-1924	1
1916-1961;1916, 1947-1951;1916;1917-1946, 1952-1956;1956-1959;1960-1961	1
[199-?]-	1
[1919]-	1
1944-1955;1944-1945;1945-1955	1
1874-1972;1900-1905;1905-1913;1914-1919;1920-1949;1950-1971;1971-1972	1
[18--?]-1988/89	1
1896-1948;1896-1932;1932-1948	1
1953-1958;1953-1955;1955-1958	1
1889-1968;1889-1890;1891-1892;1892-1893;1894-1949;1950-1968	1
[1843]-	1
1922-1953;1922-1923;1923-1953	1
1936-1947;1936-1943;1943-1947	1
[1953]-	1
1912-1966;1912-1954;1955-1966	1
1894-1956;1894-1923;1924-1931;1931-1956	1
1942-;1942-1954;1955-1961;1961-1978;1978-1984;1985-	1
1906-1960;1906-1955;1956-1960	1
1894-;1894-1933;1933;1934-1996;1998-	1
1886-1944;1886-1933;1934-1944	1
1913-2004;1913-1914;1914-1918;1918-1919;1920;1920-1952;1953-2004	1
1898-1916;1898-1913;1914-1916	1
cop.1929	1
s.a. [183?]	1
s.a. [17??]	1
1927-1963;1927-1929;1930-1963	1
1898-1933;1898-1927;1927-1933;1934-1939	1
1905-1944;1905-1933;1934;1934-1942;1943-1944	1
1928-[195-]	1
1879-1904;1879-1898;1899-1903;1904	1
[1923]-	1
[190?]-1909	1
1938-1942;1938-1942;1942	1
1928-1952;1928-1931;1931-1951;1952	1
s.a. [ca.1743-1751]	1
s.a. [18??]	1
1920- t?	1
s.a.[1893]	1
s.a.[1895]	1
1935-1961;1935-1961;1961	1
1923-1929;1923-1924;1925-1928;1929	1
[omkr.1920]	1
1924-1931;1924-1925;1925-1930	1
1921-1936;1921-1922;1922-1933;1934-1936	1
1920-1929;1920;1920-1929	1
(1624)	1
s.a. [Omkr.1920]	1
1892-1949;1892-1896;1896-1949	1
[192--193-?]	1
s.a. [c.1927]	1
1915--?	1
[1907]-	1
[c1948]	1
[1830-t.]	1
[omkr.1772]	1
1928-1939;1928-1937;1937-1939	1
s.a. [1700-talet]	1
(1953]	1
1823-	1
[c.1904]	1
1930--[19--]	1
1914-1935;1914-1915;1916;1917-1935	1
1891-1938;1900;1901-1924;1925-1938	1
[17??]	1
[1937]-	1
[1913-]	1
s.a	1
1897-1974;1897-1909;1910-1919;1920-1921;1922-1974	1
[----]	1
an IV (1796)	1
1953-1955;1953;1953-1954;1954-1955	1
s.a. [c.1799]	1
1905-1929;1905-1913;1915-1929	1
s.a. [187?]	1
189?	1
1912-1923;1912-1915;1916-1923	1
s.a. [19??]	1
193-	1
s.a. [1700- I:s borjan]	1
s.a. [c.1885]	1
1846-54, 1856, 1858-70	1
[176?]	1
1945-1949;1945-1946;1946-1949	1
1901-1909;1901-1907;1907-1909	1
s.a. (1910-t.?)	1
[1893]-	1
s.a. [1939-]	1
1902-1920;1902-1906;1907-1915;1919-1920	1
[191?]-	1
(1850)-[1851]	1
1830-	1
1881-1918;1881-1913;1914-1918;1918	1
1890-1925;1890-1908;1909-1925	1
c1989.	1
s.a. [1910-talet]	1
[1920-]	1
18[80-]-1881	1
1837-	1
1917-1936;1917-1921;1921-1922;1922-1930;1931-1936	1
[1933?]-	1
[omkr.1905-1909]	1
1878-1972;1878-1929;1930-1951;1952-1972	1
1927-1951;1927-1936;1936-1951	1
1907-1929;1907;1908-1929	1
(1853-)1862	1
1822-	1
1907-1928;1907-1908;1909-1910;1911-1916;1917-1922;1923;1924-1925;1926;1927-1928	1
s.a. [1860-t.?]	1
1910-1923;1910-1918;1918-1923	1
[1898?]-	1
1944-1968;1944;1944-1947;1947-1967;1968	1
1917-1964;1917-1918;1918;1918-1921;1922-1925;1925-1956;1956-1964	1
[1933]-	1
1933-1945;1933-1935;1935-1945	1
1947-1968;1947-1948;1949-1958;1959-1968	1
s.a. [c.1860]	1
1927-1954;1927-1931;1931-1948;1948-1954	1
[1947-]	1
[c.1846-1847]	1
[o.1910]	1
18..-1893	1
s.a. [o.1900]	1
[omkr.1778]	1
1934-1938;1934;1934;1935-1938	1
[1929-]	1
1932-1934;1932-1933;1934	1
s.a. [170?]	1
1877-1998;1877;1878-1905;1905-1963;1963-1970;1971-1976;1976-1986;1986-1987;1988-1998	1
c1992.	1
1905-1938;1905-1906;1907-1938	1
190?	1
1899-1904;1899;1900-1901;1901-1904	1
[1896(?)]	1
s.a. [c.1882]	1
[18--?] - 1933	1
s.a. [1950-tal]	1
s.a. [1820-1830-talet.]	1
s.a. [192?]	1
1855(-1856)	1
1925-[19--]	1
1869-1930;1869-1909;1909-1910;1910-1918;1919-1930	1
1866--?	1
1877/78.	1
1937.[Verso]	1
1870.[Anon.]	1
[1924?]-	1
1919.[Sign.]	1
1905.[Anon.]	1
129	1
(1939)	1
[cop. 1923.]	1
1904-1920;1904-1911;1912-1920	1
1931-1939;1931-1937;1937-1938;1939	1
s.a. [omkr.1840]	1
[1917-]	1
s.a. [1870-1890-talet?]	1
1902-[19--]	1
[1903-]-1907	1
s.a. [c.1820-talet m.fl.]	1
[omkr.1720]	1
1907-1968;1907-1968;1968	1
1904-1924;1904-1911;1912-1924	1
1912-1965;1912-1914;1915-1917;1918-1927;1928-1930;1931-1965	1
[c.1930]	1
s.a. (omkr.1700)	1
[1930!]	1
1835-1924;1835-1920;1920-1924	1
1904-1958;1904-1945;1945-1958	1
1928.m.	1
[1885. Sign. E.G.P.]	1
[180?]	1
1906-1920;1906-1907;1908-1920	1
1975-	1
s.a. [c.1908]	1
s.a. [c.1848?]	1
s.a.[1904?]	1
[omkr.1909]	1
1912-1913;1912;1913	1
[omkr.1914]	1
1888-1913;1888-1893;1900;1901-1913	1
1946-1952;1946-1949;1949-1952	1
s.a. [1890-tal]	1
s.a. [omkr.1880]	1
s.a. [1870-talet]	1
s.a. [18 ..]	1
1915?-1916?;1915;1916	1
1910-?	1
1916-1921;1916-1917;1917;1918-1921	1
[1906-]	1
[omkr.el.eft.1900]	1
s.a. [c.1725]	1
[1890-t]	1
u.å. [18..]	1
1906-1919;1906-1907;1907-1909	1
1876-1907;1900-1906;1906-1907	1
1898-1910;1898-1900;1901-1910	1
1907-1909;1907;1907;1908-1909	1
1924-1981;1924-1936;1949-1979;1979-1981	1
1921-1924;1921;1924	1
[193?]-	1
1947-1966;1947-1958;1959-1966	1
1910-1925;1910-1920;1921-1925	1
1905-1972;1905-1911;1911-1949;1949-1963;1963-1972	1
1859-[19-]	1
1901-1962;1901-1908;1908-1909;1910-1919;1920-1962	1
1949-1962;1949-1951;1952-1956;1956-1962	1
1847-[188-?]	1
1933-1936;1933-1934;1934-1936	1
1904-1941;1904-1909;1910-1941	1
1920-1938;1920-1935;1936-1938	1
1933-1940;1933;1936-1940	1
1910-1914;1910-1912;1912-1913;1914;1914	1
1924-1946;1924-1926;1927-1946	1
cop.- 1949	1
1911-1975;1911-1966;1966-1975	1
1914-1929;1914;1917-1929	1
1905-1964;1905-1916;1917-1939;1939-1964	1
1945-1964;1945-1954;1955-1964	1
1881-1913;1881-1885;1885-1912;1912-1913	1
1920-1963;1920-1943;1944-1963	1
1824-	1
1877-1903;1877-1897;1898-1903	1
1920-1967;1920-1929;1930-1936;1937-1967	1
1899-1943;1899-1913;1913-1943	1
1865-1971;1900;1901-1912, 1962-1964;1913-1961;1965-1971	1
1921-1930;1921-1929;1930	1
1896-[19-??]	1
1917-1972;1917-1945;1946-1964;1965-1972	1
1936-1979;1936-1958;1959-1979	1
1928-[1966];1928-1930;1931-1932;1933-1947;1948-1951;1951-1963;1963-1964;[1966]	1
1909-1974;1909-1947;1948-1974	1
1905-1909;1905-1907;1907-1909	1
1923-1953;1923;1924-1926;1927;1928-1934;1935-1938;1939-1948;1949;1950-1952;1953	1
1903-1967;1903-1904;1905-1967	1
1912-1932;1912-1914;1914-1932	1
1898-1908;1898-1904;1905-1906;1907-1908	1
1899-1956;1899-1920;1920;1920-1936;1936-1952;1953-1956	1
1929-1983;1929-1983;1983	1
1904-1951;1904-1906;1907-1908;1908-1911;1912-1951	1
[177?]	1
1891-1944;1891;1900-1902, 1907;1903-1906;1908;1909-1939;1940-1944	1
1878-;1878-1903;1904-1924;1925-1960;1961-1968;1969-1988;1989-	1
1825(2 sept-30 dec) ; 1827 (7 juli) - 1830	1
1902-1915;1902-1912;1912;1913-1915	1
1914-1923;1914-1918;1919;1920-1922;1923	1
1954-1968;1954-1959;1959-1966;1966-1968	1
1921-1936;1921-1936;1936	1
1942-1976;1942-1952;1952-1976	1
1936-;1936-1999?;[2000?]-2001;2002-2004	1
1883-1927;1883-1922;1924-1927	1
1928-1938;1928-1932;1933-1938	1
1882-1933;1900-1929;1930-1933	1
1932-1941;1932	1
1924-1965;1924-1940;1940-1943;1944-1964;1965;1965	1
1894-1903;1894;1897-1899;1900-1903	1
1875-1911;1875-1903;1903-1911	1
1907-1925;1907;1908-1925	1
1876-1884;1876	1
1923-1968;1923-1928;1929;1945-1968	1
1948-1957;1948-1951;1951-1957	1
Stockholm,;1838-1838	1
1888-1912;1888-1910;1911-1912	1
1901-1908;1901-1902;1903-1908	1
1927-1938;1927-1930;1930-1938	1
1921-1972;1921	1
1885-1948;1900-1935;1935-1948	1
1881-1898;1881-1895;1896-1898	1
1925-1970;1925, 1931;1926-1929;1930;1932;1933;1934-1970	1
1900-1970;1942-1970	1
1873-1907;1873-?;?-1901;1903-1907	1
1938-1939;1939	1
1938-1939;1938	1
1915-1958;1915-1955;1956-1958	1
1930-1940;1930-1935;1937-1940	1
1921-1951;1921-1930;1931-1951	1
1914-1944;1914-1916, 1919-1920;1917-1918;1921;1921-1924;1925-1928;1929-1944	1
1908-1919;1908-1917;1919	1
1881-1919;1881-1899;1900-1919	1
1903-1911;1903;1903-1911	1
1879-[19--]	1
1905-1971;1905-1908;1908-1934, 1955-1966;1935-1945;1946-1955, 1967;1967-1971	1
1934-1946;1934-1935;1935-1946	1
1878-1909;1878-1882;1882-1909	1
1929-1977;1929-1955;1956-1969;1970-1973;1974-1977	1
(1909)	1
1909[tr	1
192?	1
1816.[Undert.]	1
1850.[Anon.]	1
[186-]	1
[1895?]-	1
1926-??	1
cop. 1930.	1
u.å. [1920-t.]	1
1863-	1
[1910-t.]	1
1907.[Föret.]	1
1778.][Inneh.]	1
1887.[Uppsala]	1
1840.[Föret.]	1
cop.1942	1
cop.1938	1
cop.1955	1
1936-1969;1936-1937;1937-1950;1950-1967;1967-1969	1
1857-	1
1909-1978;1909-1918;1919-1920, 1943-1955;1920-1943;1956-1961;1961-1978	1
1901-1972;1901-1931;1931-1972	1
[1857]-	1
1915-16.st.-	1
(1925)	1
(1907)	1
[1932.][Undert.]	1
1910[Undert.]	1
1891.[Text.]	1
(1926)	1
(1934)	1
1 93 3	1
cop. 1892.	1
(1915)	1
(1930)	1
(1922)	1
1936.-	1
1900?)	1
1909.[Omsl.]	1
1938-1958;1938-1956;1956-1958	1
(1931)	1
1935.][Undert.]	1
1949-1962;1949-1951;1951-1957;1957-1960;1961-1962	1
Ny tryckning 1944.	1
cop.1918	1
1877.[Sign.]	1
1920-1951;1920-1931, 1934-1935, 1938-1939;1932, 1937;1933, 1936, 1940;1945-1948;1949-1951	1
(1896)	1
(1943)	1
1871.[Text.]	1
1930.[Undert.]	1
(1927)	1
Svenska bokförlaget / P. A. Norstedt & söner,;1942.	1
1929..	1
1917.[Undert.]	1
1842[Undert.]	1
1941-1956;1941;1941-1956	1
1947.[Anon.]	1
1795.[Undert.]	1
1884.[Sign.]	1
1835-1838] (	1
c1936	1
1920-[19-?]	1
1887(-88)	1
1909-1955;1909-1925;1926-1950;1950-1955	1
1923-1959;1923-1946;1947-1951;1951-1959	1
[19--?]-[19--?]	1
1901-1921;1901;1901-1921	1
1938-?	1
1930-1956;1929-1931;1931-1956	1
1899-1933;1899-1900;1900-1930;1930-1933	1
1886-1913;1886-1907;1908-1913	1
1904-1919;1904-1919;1919	1
1905-1932;1905-1908;1909-1910;1911-1916;1917-1920;1920-1925;1926-1932	1
1945-1970;1945-1959;1959-1970	1
1894-1980;1894-1898;1898-1899;1900-1913;1913-1980	1
1947-1976;1947;1948-1957;1958-1959;1960-1962;1962-1966;1967-1976	1
(1906)	1
[1900-tal]	1
1868.[Anon.]	1
c1954	1
1865.[Anon.]	1
1854.[Anon.]	1
1951. 4:o.	1
1847.[Undert.]	1
1948. [Slutet.]	1
1906.-	1
[1901.']	1
1830.[Anon.]	1
1738-	1
(1945)	1
1908.[Verso.]	1
1928.[Undert.]	1
[1953].)	1
1869.[Anon.]	1
1872.;1886. (SRo)	1
[ca 1830-1865)	1
(1936)	1
1851-	1
1858.[Anon.]	1
[1888].[Undert]	1
1896[Anon.]	1
(1946)	1
[ca1910]	1
[1950].[Föret.]	1
cop. 1951.	1
260c	1
1912.[Undert.]	1
1902.[Undert.]	1
1907.Lit	1
[1870.]n	1
1894.[Undert]	1
1951.[Omsl.]	1
1833.[Anon.]	1
1817.][Undert.]	1
1926.[Undert.]	1
1811.][Undert.]	1
1890.*	1
1888.[Undert.]	1
1940.[Undert.]	1
1954.[Anon.]	1
(1947)	1
1951.[Undert.]	1
1804-	1
1901].[Undert.]	1
1922.[Pseud.]	1
1799.][Undert.]	1
Hälsingborg	1
1839.][Anon.]	1
1823.][Anon]	1
1941-1964;1941;1941-1945;1946-1964	1
Tryckt i detta åhr 1687.	1
Tryckt åhr 1680.	1
Tryckt åhr 1685.	1
(1679].	1
[l678].	1
Tryckt i thetta åhr. [16??]	1
Tryckt i detta åhr. [16??]	1
Tryckt Åh [... ], [16??]	1
Tryckt samma åhr. [16??]	1
Tryckt i dhetta åhr.[16??]	1
Tryckt i thetta åhr.[16??].	1
Tryckt åhr 1696.	1
Tryckte åhr 1695.	1
Tryckt åhr 1695.	1
Tryckt i detta åhr [ca. 1690].	1
Tryckt i åhr [ca. 1690].	1
Tryckt åhr, 1682.	1
[1680-talet].	1
Tryckt åhr 1681.	1
Tryckt åhr 1648.	1
Tryckt, åhr 1647.	1
Tryckt, åhr 1642.	1
Tryckt åhr, 1642.	1
Tryckt åhr, 1641.	1
Tryck(!) åhr 1640.	1
Tryckt, åhr 1639.	1
Tryckt åhr 1633.	1
Tryckt åhr 1686.	1
[ca 1620].	1
[1600-talets början.]	1
åhr 1693.	1
Tryckt samma åhr [1691].	1
[ca. 1650].	1
Try[ckt i åhr].[16??]	1
Tryckt i åhr.[16??]	1
[ca 1647].	1
D.MC.XX (eg: 1620)	1
mens. Aprili 1633.	1
[ca. 1692.]	1
[före 1691.]	1
[före 1678.]	1
[ca. 1643].	1
[omkr. 1668].	1
u. å. [ca. 1685-89].	1
[före 1683].	1
[1690-talet?];u. å. [1690-talet].	1
u. tr. å. [ca. 1604].	1
åhr ut supra [1649].	1
u. å. [1689].	1
(1651).	1
Im Jahr dessen tripli + 741 ist radix cubica 18 ( = 1697)	1
[ca. 1679].	1
anno FaVtores MetrIs, siC' Valento DiV ( = 1616)	1
[före 1629].	1
u. å. [före 1691].	1
[ca 1695.]	1
[omkr. 1730].	1
[ca. 1685].	1
u. å. [1694].	1
[efter 1667].	1
ao. 1690.	1
u. å. [f. 1685].	1
[1660-talet].	1
1650, 1651.	1
Anno 1642.	1
Anno 1626.	1
Zacharias Asp,;1686.	1
[ca. 1627].	1
[16--??]	1
en la susdite annee [1649].	1
8. junij 1604.	1
An. 1661.	1
in de maendtæ van Junij 1670.	1
åhr 1611.	1
Anno MDXII (eg: 1612).	1
[ca. 1653].	1
[efter 1681.]	1
[före 1671.]	1
(före 1668.)	1
1662, 1663.	1
tan jägen 1645.	1
(1693).	1
[maj 1659].	1
[13 okt. 1658].	1
recusa anno 1694.	1
Daniel Kämpe,;1678.	1
[e. 1687].	1
[1600-talets slut].	1
u.å., [16??]	1
[ca. 1678].	1
1. januarij, anno 1663.	1
[163l].	1
[eft. 1682].	1
[eft. 1669].	1
[ca. 1622].	1
u. å.,;[ca. 1690].	1
anno 1622.	1
Tryckt år 1690.	1
[ca. 1690.]	1
Tryckt, åhr 1690.	1
Anno 1695.	1
[ca. 1698].	1
u. å.,;[1680-85]	1
gedr. den 3. Decb. 1688.	1
den 3. Decb. 1688.	1
den 3. Dec. 1688.	1
den 9 July, 1691.	1
1652. ;;4:o.	1
[ca. 1665-68]	1
1691(?).	1
fulländat förste gången anno 1695. den 16. april.	1
166l.	1
Anno 1672 den 28 Febr.	1
22 julii 1685.	1
[ca 1683].	1
im letzten Monat des 1669. Jahrs.	1
u. å. [16??].	1
[ca 1680].	1
166l	1
[ca. 1680].	1
u. å. [1688].	1
u. å. [1685].	1
u. å. [1693].	1
u. å. [1692].	1
u. å.,;[1692].	1
u. å.,;[1687].	1
[l679].	1
u. å.,;[1691].	1
[ca. 1676].	1
10. Septembris 1642.	1
[ca. 1655-59].	1
[ca. 1681].	1
[ca. 1660-70].	1
[ca. 1675-78].	1
[ca.1670].	1
u. å.,;[ca. 1648].	1
Ignatius Meurer,;1626.	1
1641, 31 decemb.	1
u. å.,;[1648].	1
[ca. 1647-52].	1
M.DC.XXVII. (1627).	1
[eft. 1643].	1
anno præcedente IVDICIVM ( = 1612).	1
alraförst, årom etc. 1611.	1
Anno dominj. 1603. then nyonde Junij.	1
1671-74, 1677-84.	1
åhr, 1624.	1
[slutet av 1600-talet].	1
u. å. [eft. 1669].	1
tr., i sidste dagar åhr 1672.	1
[1687]. ;;[1687].	1
l656	1
Anno 1662.	1
Anno 1660.	1
an. 1637.	1
1897.][Undert.]	1
1925.[Sign.]	1
1819. [Föret.]	1
1812.[Anon.]	1
1918.[Sign.]	1
1780.[Undert.]	1
1922.[Undert.]	1
1776.][Undert.]	1
1904.[Undert.]	1
1903.[Pseud]	1
1895.[Sign.]	1
1946-1951;1946;1947-1949;1949;1950-1951	1
1856-	1
1908-;1908-1985;1985-2007;2008-	1
[19-]	1
[s.n]	1
1931-1972;1931-1969	1
1825-	1
1952-1969;1952-1955;1956-1969	1
182 s.	1
1931-1977;1931-1961;1961-1964;1964-1968;1968-1969;1969-1977	1
1945-1960;1945-1950;1951-1960	1
1891-1964;1891-1898;1898-1901;1901-1911;1911-1964	1
1937-1973;1937-1958;1959-1973	1
[1912]-	1
1910-1963;1910-1912;1913-1914;1915-1963	1
1953-1958;1953-1954;1955-[1958?]	1
1946-1964;1946-1961;1961-1964	1
1997-	1
[19-?]-1962	1
1930-1939;1938	1
1930-1939;1932	1
1930-1939;1930	1
1901-1903;1903	1
1901-1903;1902	1
1901-1903;1901	1
[s.n.],;[s.a.]	1
1885-1923;1885-1899;1900-1904;1905-1913;1914-1917;1918-1919;1923	1
1951-1952;1951	1
1925-1959;1950	1
1911-1920;1920	1
1911-1920;1917	1
1911-1920;1911	1
1919-1924;1924	1
1860-1876;1879	1
1860-1876;1878	1
1932-1963;1932-1950;1951-1963	1
1787-	1
1992-	1
1926-;1926-1927;1928-1932;1933-1934;1935;1936-1984;1985-2008;2009-	1
1904-;1904;1905;1906-1974;1975-	1
1991-1995;1991-1994;1995	1
1910-1998;1910-1979;1983-1993;1994-1998	1
1953-1991;1953-1984;1985-1991	1
1987-	1
1922-;1922-[1967?];[19--]-1994;[1995?]-2006;2007-	1
1937-;1937-1968;1968-	1
1894-1970;1894-1900;1901;1922-1923, 1944;1924-1929;1930-1944;1945-1970	1
1948-2000;1948-1958;1958;1959-1971;1972-1986;1987-1997;1998-2000	1
1953-1989;1953-1961;1961-1974;1974-1989	1
1893-1969;1893-1901;1902-1905;1906-1907;1908-1917;1918-1969	1
1927-;1927-1954, 1959-1983, 1993-1998;1955-1958;1983-1992, 1998-2004;2004-	1
1954-;1954-2006;2007-	1
1954-1987;1954-1956;1957-1960;1961-1968;1968-1987	1
1950-1994;1950-1979;1980-1985;1986-1987;1987-1993;1993-1994	1
1937-2004;1937;1938-1957;1957-1964;1964-1967;1967-1973;1973-1975;1975-1982;1980-1982;1982-1993;1994-2004	1
1949-;1949;1952-1956;1956-1965, 1967-1985;1965-1967;1985-1998;1999-	1
1935-;1935-1942;1947-1998;1999-	1
1915-1964;1915-1928;1928-1964	1
1966-1990;1966-1975;1975-1990	1
1916-1956;1916-1926;1927-1956	1
1911-1962;1911-1936;1937-1938;1939-1962;1962	1
1920-1999;2000-	1
1921-1964;1921-1950;1951-1960;1960-1964	1
1980-1985;1980-1983;1984-1985	1
1801-	1
1907-;1907-2009;2010-	1
1940-;1940;1941-	1
1920-;1920-2011;2012-	1
1902-1982;1902-1903;1903-1904;1905-1909;1909-1917;1917-1927;1928-1982	1
1911-;2001, 2005;2002-2004, 2006-	1
1906-;1906, 1910-1911;1907-1909;1913-1922;1923-1976;1977-1990;1991-1994;1995-	1
1939-1966;1939-1965;1966	1
1918-;1918-1931;1944-1968;1972-1975;1980-	1
1880-;1880-1919;1920-2000;2001-	1
1911-;1911-2007;2008-	1
1871-;1871-1894;1900-1977;1984-	1
1854-;1854-2001;2003-2006;2009-	1
1916-1995;1916-1917;1918-1919;1920-1942;1943-1946;1948-1955;1956-1985;1986-1995	1
1876-;2011-	1
1912-1973;1912-1978	1
1869-;1869-1877;1901-1916;1918-1927;1981-1994;1932-1980, 1995-	1
1948-;1988-1990;1991-1992;1990-1991, 1994-2011;1948-1988, 1993-1994, 2011-	1
1912-;1912-2000;2006-	1
1947-1976;1947-1962;1964-1968;1973-1976	1
1936-;1936-1988;1989-1990;1990-1993;1996-	1
1904-;1904-1908;1909-1940;1940-1969;1970-1974;1975-1984;1985-1996;1997-1998;1999-	1
1968-1986;1968-1979;1984-1986	1
1937-2006;1937-2001;2001-2006	1
1923-;1937-1941;1963;1923-1937, 1942-1963, 1964-2004;2005-	1
1825-;1825-1970;1971-1973, 1986-1992;1974-1985;1993-1995?;1996?-2002;2003-2007;2008;2009-2010;2010-2013;2014-	1
1918-;1918-1945;1946-1974;1975-1999;1999-	1
1948-;1948-1957;1957-1959, 1967-1968;1959-1964, 1968-1969;1964-1967, 1969-1991;1991-2000;2000-	1
1929-1982;1929-1935;1935-1982	1
1946-;1946-1963;1964-1996;1997-2005;2005-	1
1920-2014;1920-1984;1984-2014	1
1951-1998;1951-1952;1952-1976;1976-1985;1985-1998	1
1944-1978;1944-1953;1953-1959;1959-1975;1975-1978	1
1932-1992;1932-1935;1935-1937;1940-1992	1
1909-2000;1927-1938;1939-1950;1951-1957;1958-1960;1961-1967;1967-2000	1
1904-2006;1904-1913;1914-1958, 1992-2000;1958-1970;1971-1975, 1981-1989;1976-1981;1990-1991;2000-2006	1
1953-;1953-1964, 1965-1977, 1984-1987;1965;1980;1981-1984;1988-1992;1992-2002;1977-1979, 2002-2006;2007;2007-2008;2009-	1
1934-1998;1934-1938;1938-1997;1997-1998	1
1935-;1935-1936, 1963-1965, 1972-1981;1936-1963;1965-1972, 1981-1983?;1983?-1984;1984-1985;1985-1987;1987;1988;1988;1988-1999;1999-2002;2002-2003;2003-	1
1935-;1935-1983;1984-1995;1995-1999;2004-2007;2007;2000-2004, 2007-	1
1910-;1910-1926;1926-1931, 1942-1945;1931-1941, 1946-1950;1951-1954;1954-1992;1992-1996;1996-2000;2000-2009;2009-2012;2013-	1
1948-;1948-1954;1954-1971;1971-1980;1980-2000;2000-2009;2009-2012;2013-	1
[1940]-1988;[1940]-1950;1950-1952;1959-1965;1965-1988	1
1897-;1897-1937;1938-1954;1955-2003;2003-	1
1858-;1858-1883;1883-1920;1920-1955;1956-1969;1969-1975;1975-	1
1939-;1939-1996;1997-	1
1938-;1938-1999;1999-	1
1933-2004;1933-1958;1958-2004	1
1951-1979;1951-1956;1956-1969;1969-1976;1976;1976-1979	1
1943-1983;1943-1948;1948-1959;1959-1964;1964-1967;1967-1969;1969-1971;1971-1975;1976-1979;1979-1983	1
1939-1979;1939-1951;1951-1959;1959-1974;1974-1979	1
1953-2002;1953-1977;1977-1986;1986-2002	1
1942-2011;1952-1955;1956-1963;1964-1985;1942-1951, 1986-2010?;2011	1
1911-1997;1911-1939;1940-1966;1966-1972;1973-1997	1
1940-2001;1940-1968;1969-1971;1971-1972;1972-1974;1974-1977;1977-1991;1991-2001	1
1921-;1921-1922;1922-1935;1936-1952;1988-1990;1953-1988, 1991-	1
1949-2004;1949-1970;1970-1977;1978-1984;1985;1985-1994;1994-2004	1
1932-2008;1932-1986;1987-1992;1993-2001;2002-2008	1
1881-1995;1881-1975;1975-1995	1
1913-1984;1913-1952;1953-1969;1969-1974;1974-1984	1
1902-;1902-1909;1910-1926;1926-1946;1947-1955;1955-1960;1961-1963;1963-1967;1967;1968-2006;2006-	1
1914-1984;1914-1915;1916-1941;1942-1970;1970-1975;1975-1984	1
1952-1980;1952-1954;1954-1980	1
1913-;1913-1943;1944-1990;1991-1994;1995-	1
1942-;1942-1947;1947-	1
1905-;1905-1999;2000-	1
1918-;1918-1960;1961-1997;1997-2007	1
1946-;1946-1947;1947-1958;1958-1963;1964-1967;1968-1975;1975-1981;1982-1993;1993-1996;1996-	1
1933-1993;1933-1943;1943-1982;1982-1993	1
1938-;1938-1939;1939-1941;1941-1961;1961-1991;1991-2013;2013-	1
1942-2005;1942-1994;1994-	1
1969-;1969-1978;1978-2001;2001-2011;2012-	1
1939-1996;1939-1947;1947-1951;1951-1980;1980-1985;1986-1996	1
1951-;1951-1991;1991-1992;1993-	1
1917-;1917-1932;1932-1995;1996-	1
1924-1991;1924-1925;1925-1926;1926-1927;1928-1972;1973-1990;1990-1991	1
1948-2001;1948-1951;1951-1956;1956-1970;1970-1971;1971-1995;1995-1997;1997-2001	1
1919-1987;1919-1956;1968-1974;1982-1985;1986-1987	1
1930-2005;1930-1964;1966-1970;1972-1985;1985-1991;1991-2005	1
1954-1979;1954-1961;1962-1973;1973-1979	1
1904-2003;1904-2001;2001-2003	1
1876-;1876-1910;1910-1926;1926-1934;1935-1942;1943-1948;1949-1954;1955-1961;1962-1977;1977-1988;1989-1990;1991-1994;1995-2007;2008-	1
1876-1980;1876-1910;1910-1926;1926-1934;1935-1940;1941-1942;1943-1955;1956;1957-1963;1964;1965-1976;1977-1980	1
1942-1990;1942-1944;1944-1970;1970-1990	1
1907-;1907-1970;1970;1970-1971;1971-1978;1978-1988;1988-1992;1993-1996;1996-2002;2003-	1
1938-1990;1938-1940;1940-1942;1942-1943;1943-1947;1947-1963;1963-1969;1969-1973;1973-1975;1975-1981;1981-1989;1989-1990	1
1939-;1939-1942;1943-1975;1975-1991;1991-	1
1945-;2000-2004;1945-1999, 2004-	1
1902-1995;1902-1980;1980-1995	1
1922-;1955-1958, 1964;1959-1963;1922-1954, 1965-	1
1923-1981;1923-1953;1953-1974;1974-1981	1
1951-;2003-?;1951-2003, 2011-	1
1926-;1926-1931;1929-1931;1931-1941;1941-1942;1943-1996;1996-1999;1999-2002;2002-2004;2005-2006;2006-	1
1948-2007;1948-1959;1960-1966;1967-1978;1978-2007;2007	1
1920-;1920-1962, 1977-1980, 1996-1997;1962-1977, 1981-1995;1997-	1
1946- 2012;1946;1954-1973, 1977-1985;1974;1986-1991;1992;1993-1995;1996-1997, 1998-2004;1997;2004-2012	1
1923-;1923-1928;1929-1985;1985-1987;1988-1998;1998-	1
1925-1984;1925-1945;1945-1949;1949-1960;1960-1965;1965-1970;1970-1984	1
1924-;1924-1934;1934-	1
1937-2002;1937-1964;1965-1977;1977-1978;1978-1986;1986-1989;1989-2002	1
1908-2001;1908-1911;1941-2001	1
1918-;1918-1921;1922-1969;1970-2009;2009-	1
1948-;1948-1957;1957-1960, 1978-1992;1960-1978;1992;1992-1994;1994-1997;1997-2003;2003-2004;2004-2012;2013-2014;2014-	1
1932-;1932, 1934-1979, 1983-1988;1933;1979-1982, 1989-	1
1942-;1942;1943;1944-2004;2004-2010;2010-2012;2013-	1
1947-1986;1947-1975;1975-1986	1
1945-;1945-1947;1948-1951, 1980;1952-1962;1962-1970;1971-1977;1978;1978-1979;1997-2009;1981-1997, 2010-	1
1950-1984;1950-1965;1965-1973;1973;1973-1976;1977-1983;1983-1984	1
1933-;1933-1937, 1961-1995;1938-1953;1953-1959;1995-2001;2002-	1
1929-;1929-1930;1930-1932;1932-1975;1975-1983;1983-2010;2010-	1
1942-1986;1942-1959;1960-1966;1966-1976;1977-1980;1981-1986	1
1936-;1936-1954;1954-1956;1957-1958;1958-1963;1964-1983;1983-1994;1994-1998;1998-	1
1949-;1949-1967;1976-1993;1967-1976, 1994-2006:1;2006:2-	1
1932-;1932-1941;1941-1960;1960-1982;1983-1988;1988-1997;1997-2005;2006-2008;2008-	1
1936-;1936-1959;1959-1982;1982-1983;1984-1999;2000-	1
1920-1977;1920-1928;1928-1932;1932-1933;1933-1941;1941-1964;1964-1973;1974-1977	1
1946-1979;1946-1977;1978-1979	1
1931-2002;1931-1934;1934-2002	1
1941-2007;1941-1945;1946;1946-1951;1958-2001;2001-2007	1
1924-1976;1924-1929;1947-1976	1
1942-;1942-1967;1968-1984;1984-1987;1987-1988;1989-2000;2001-	1
1950-;1950-1958;1958-1959;1959-1963;1964-1965, 1995-1997;1965-1971;1971-1995;1997-2002;2003-2012;2012;2013-?	1
1945-1986;1945;1946-1948;[19--]-1986	1
1947-1986;1947-1951;1951-1985;1986	1
1924-;1924-1939;1940-	1
1907-;1907-1988;1989-2005;2005-2011;2012-	1
1949-1975;1949-1959;1960-1975	1
1910-;1910-1948;1949-1976;1976-1984;1984-1995;1995-1999;1999-	1
1924-;1924-1925;1926-1927;1928-1931;1991-1995;1932-1991, 1995-2013;2014-	1
1922-1989;1922-1966;1966-1984;1984-1989	1
1883-;1900-1903;1910-2011;2011-	1
1926-1985;1926-1973;1973-1985	1
1949-;1949-1958;1958-1965;1966-1971;1971-1973;1973-1975;1976-1978;1979-	1
1931-1997;1931-1932;1932-1941;1941-1975;1975-1983;1983-1997	1
1948-1977;1948-1964;1964-1966;1966-1969;1969;1969-1974;1974-1977	1
1893-1992;1893-1955;1956-1992	1
1859-;1859-1998;1999;2000;2001-	1
1913-1955;1913-1929;1930-1955	1
1911-;2012?-	1
1959-	1
1912-1991;1912-1986;1987-1991	1
1940-1968;1940-1944;1944-1955;1955-1968	1
1972-	1
1918-;1949-1957;1918-1930, 1976-	1
1943-;1943-2004;2004-2008;2008-	1
1861-1997;1900-1922;1922-1997	1
1793-1795 ; 1920-	1
1919-2014;1919-1955, 1970-1988;1956-1969;1990-?	1
1929-;1929-1975;1976-	1
1913-;1913-1915;1916;1917-1918;1919-1920;1921-1930;1931-1945;1946-1950;1950-1964;1965-1968;1969-1985;1986-1987;1988-1991;1992-	1
1945-;1945-1947;1948-1951;1952-1966;1967-1972;1973-	1
1888-;1888-1890, 1945, 1968-1974, 1976-1987;1890-1944;1946-1967;1975;1988-1998;1999-	1
1944-1995;1944-1946;1946-1953;1953-1995	1
1929-2013;1929-1943;1944-1975;?-2013	1
1905-1995;1905-1992;1993-1995	1
1902-;1902, 1908-1913;1903-1907;1914-1917;1918-	1
1930-1998;1930-1935;1936-1984;1984-1998	1
1923-;1923-1961;1961-1971;1971-1974;1975-2007;2008-2009;2010-	1
1942-1982;1942-1964?;1965?-1982	1
1949-2008;1949-1954, 1959-1971;1955-1958;1972-1975;1975-1995;1996-2008	1
1942-;1942-1944;1945-	1
1947-;1947-1961;1961-	1
1937-2006;1937-1955, 1959-1969;1955-1959;1970-2002;2002-2006	1
1928-;1928-1933;1933-1976;1976-1978;1985-2006;1978-1984, 2007-	1
1931-1984;1931;1931-1944, 1949-1971;1945-1949;1972-1984	1
1962-	1
1946-1982;1946-1955;1956-1962;1964-1982	1
1836-;1900-1912;1913-1975;1976-1989;1990-	1
1878-;1900-1946;1947-	1
1949-2004;1949-2001;2002-2004	1
1902-;1902-1961;1962-1988;1989-2003;2004;2005-	1
1943-2000;1943-1974;1974-[1995?];1995-2000	1
1946-;1946-1959, 1962-1969;1959-1962, 1969-1970;1971;1972-1976;1976-1977;1978-2000;2001-2009;2010-	1
1908-;1908-2013;2014-	1
1935-;1935-1936;1937-1940;1941-1965;1966-1978;1979-1993;1994-2007?;2008?-	1
1949-1982;1949-1976;1977;1978	1
1949-1995;1949-1954;1954-1968;1968-1969;1970-1995	1
1946-1971;1946-1965;1965-1971	1
1911-1987;1911-1912;1912-1913;1913-1916;1917-1934, 1936-1981;1935;1981-1984;1985-1987	1
1951-1982;1951-1952, 1961-1970;1952-1958;1970;1970-1972;1973-1982	1
1934-1998;1934-1972;1972-1976;1977-1988;1988-1998	1
1860-1984;1860-1900;1900-1913;1952-1984	1
1942-;1942-1998;1999-	1
1891-;1891-2006;2010-	1
1939-1985;1939-1983;1983-1985	1
1948-2003;1948-1961;1961-1978?;1979?-2003	1
1932-2004;1932-1971;1972-2004	1
1945-1990;1945-1948;1949-1952;1952-1967;1967-1979;1979-1982;1982-1983;1984-1986;1987-1990	1
1925-;1925-1974;1975;1975-1983;1984-1986;1987-	1
1932-;1932-1958;1959-1960;1960-1964;1964-1967;1968;1968-1969;1969-1993;1993-?	1
1941-1966;1941-1947;1948-1966	1
1905-2010;1905-1999;1999-2010	1
1898-1933;1898-1913;1913-1916;1916-1924;1925-1933	1
1907-1981;1907-1942;1943-1981	1
1914-1970;1914-1918;1918-1919;1920;1921-1966;1966-1970	1
1916-;1916-1942;1942-1943;1944-1991;1992-1993;1994-	1
1940-;1940-1991;1991-1996;1996-2000;2000-2007;2007-	1
1941-2013;1941-1987;1988-1994;1994-1997;1997-1999;1999-2000;2001-2004;2000-2001, 2004-2012;2013	1
1900-1987;1900;1901-1957;1958-1980;1980-1987	1
1897-1996;1897-1951, 1953-1993;1951-1952;1994-1996	1
1895-1995;1895-1972;1972-1977, 1980-1991;1978-1979;1991-1992;1993-1995	1
1890-;1890-1939, 1987-1991;1939-1981;1985-1986;1992-2010;2010-	1
1907-;1907-1987;1987-1998;1998-1999;2000-	1
1918-1993;1918-1919;1919-1959;1960-1991;1992-1993	1
1928-;1928-1969;1970-1989;1990-1991;1991-1999;2000-2006;2007-	1
1947-;1947-1964;1965-1986;1987-1990;1991-1992;1993-	1
1967-1981;1967-1968;1969-1976;1976;1977;1977-1981	1
1924-;1924-1980;1980-1987;1987-2002;2002-2008;2008-	1
1930-1981;1930-1964;1965-1981	1
1914-;1914-1965;1966-1975;1976-1988;1989-1998;1998-	1
1911-;1911-1912;1913-1931;1932-1977;1977-	1
1941-2009;1941-1990;1998-1999;1999-2009	1
1928-;1928-1957;1958-1972;1973;1974-	1
1950-;1950-1955;1955-1960;1960-1968;1968-1989;1989-1992;1992-1993;1993-1994;1994-	1
1918-;1918-1921;1922-1935, 1940-1942, 1944-1996;1936-1939;1943;1997-2013;2013-	1
1945-2004;1945-1999;1999-2001;2001-2004	1
1930-1980;1930-1934;1935-1974;1974-1980	1
1955-1983;1955-1965;1965-1975;1975-1982;1982-1983	1
1927-;1927-1955;1956-1972;1972-1975;1975-1987;1987-1993;1993-1999;1999-2011;2011-	1
1920-2006;1920-1961;1961-1993;1994-2006	1
1941-1995;1941-1962;1962-1970;1970-1974;1975-1995	1
1947-;1982-1983;1983-1990, 1998-2001;1991-1997;1947-1981, 2002-	1
1898-;1898-1905;1906-	1
1940-;1940-1970;1970-1982;1982-	1
1933-1991;1933-1936;1937-1991	1
1892-;1892-189?;1900-1933;1934-1937;1937;1938-1947;1948-1950;1951-1957;1958-1960;1961;1962-1965;1965-1967;1968-1986;1986-	1
1937-1992;1937-1983;1984-1992	1
1914-1997;1914-1949;1949-1974;1975-1990;1991;1992;1993;1994-1997	1
1939-1998;1939-1994;1994-1998	1
1925-;1925-1943, 1949-1973;1943-1945;1945;1945-1948;1973;1974-1978, 1997-1999;1978-1982;1983-1986;1987-1990;1991-1996;1999-2003;2003-2005;2005-	1
1920-1974;1920;1920-1925;1925-1930, 1937-1946;1931-1937;1947-1962;1963-1974	1
1903-;1945-1948;1903-1945, 1948-	1
1946-1994;1946-1992;1993-1994	1
1920-;1924-1926;1920-1924, 1927-	1
1904-1992;1904-1908;1909-1914;1915-1920;1920-1992	1
1906-2008;1906-1908;1909;1910-1912;1912-1920;1920-1924, 1925-1945;1946-1956;1957-1978;1979-1989;1990-1996;1997-2003;2003-2008	1
1914-1996;1914-1977;1978-1996	1
1920-;1920-1977;1977-	1
1944-2000;1944-1955, 1959-1990;1956-1959;1990-2000	1
1953-2003;1953-1956;1963-2003	1
1937-2009;1937-1939;1939-2009	1
1948-;1948-1968;1969-1970;1970-1971;1981-2002;2002-2004;1971-1981, 2004-	1
1944-1998;1944-1969;1970-1978;1978-1980;1981-1998	1
1940-;1940-1953;1953-1962;1962-1970;1971-1988;1988-1991;1991-1993;1993-	1
1930-;1930-1932, 1940-1942;1932-1936;1937-1938;1938-1940;1943-1944;1949-1975;1976-2002;2002-	1
1833-	1
1953-1990;1953-1963;1963-1973;1973-1974;1974-1976, 1982, 1985-1989;1976-1982;1983-1984;1985;1990	1
1932-;1932-1991;1992-1999;2000-	1
1912-1997;1912-1918;1919-1920;1980;1981-1991;1991-1997	1
1904-;1904-1950;1951-	1
1665-	1
1929-1982;1929-1959;1960-1982	1
1888-;1888-1928;1929-1931;1931-	1
1914-1992;1914-1946;1947-1992	1
1912-1973;1912-1943;1943-1945;1946-1966;1967-1973	1
1917-1988;1917-1919;1920-1988	1
1914-;1914-1995;1996-1999;2009-	1
1920-2004;1920-1969;1970-2004	1
1941-;1941-1945;1945-1946;1947-1954;1954-1955;1956-1959;1960-1962, 1982-1983;1963-1968;1969-1971;1971-1977;1982, 1983-1993;1994-2000;1978-1981, 2000-	1
1946-;1946-1965;1966-1985;1985-	1
1898-;1898-1913;1914-1921;1921-1984;1985-2009?;2010?-	1
1921-;1921-1925;1925-1997;1997-	1
1951-;1951-1992;1992-1999;1999-	1
1943-1983;1943-1978;1978-1983	1
1902-;1902-1968;1968-1977;1977-1989;1989-1999;1999-2005;2006-	1
1935-1996;1935-1989;1990-1991;1991-1992;1992-1996	1
1907-1998;1907-1913;1913-1928;1928-1971;1972-1998	1
1922-1978;1922-1975;1975-1978	1
1947-2002;1947-1960;1960-2002	1
1915-;1915-1945;1946-1948;1948-1956;1956-1958;1959-1961;1961-1966;1966-1975;1975-1981;1981-1982;1983-1993;2009-2010;1994-2008, 2011-	1
1872-1993;1872-1977;1978;1979-1982;1983-1986;1987-1993	1
1943-;1946-1948, 1953-1960;1943-1946, 1948-1952, 1961-	1
1924-;1924-1929;1929-1959;1960-	1
1918-;1918-1930;1930-1951, 1951-1953, 1954-1969;1951, 1953-1954, 1969-1994;1994-	1
1943-;1943-1976;1976-1985;1985-1990;1990-1999;1999-2002;2002-2006;2006-	1
1939-1972;1939-1942;1942-1972	1
1938-;1938-1955;1956-1988;1989-2000;2001-	1
1946-1997;1946-1956;1957-1992;1993-1997	1
1906-;1906-1925;1926-1953;1954-1955, 1966-1981, 2005-2007;1956-1965;1982-1997;1997-2004;2007-	1
1932-;1932-1975;1976-2006;2006-2008;2008-2010;2011-	1
1922-1989;1922-1932;1933-1935;1935-1966, 1969-1980;1966-1968;1980-1989	1
1940-1971;1940-1941;1941-1971	1
1949-2000;1949-1960;1960-1968;1968-1974;1974-1978;1978-1996;1996-2000	1
1936-1986;1936-1980;1984-1986	1
1955-;1955-1957, 1960-1967;1957-1960;1967-1978;1978-1987;1987-1993;1993-2003;2003-2004;2004-	1
1892 -	1
1906-;1906-1942;1943-1967;1968-1997;1998-2001;2002-	1
1902-2010;1902-1949;1950-2010	1
1921-1975;1921-1930;1931-1975	1
1936-;1936-1939;1939-1949;1950-1965;1966-1988;1988-1993;1994-1997;1998-1999;1999-2001;2001-	1
1896-;1896-1906;1907-1916;1917-1944;1945-1946;1947-1976;1977-1990;1991;1991-1999;2000;2001-	1
1928-;1928-1975;1976-1996;1997-2000;2000-	1
1880-;1880-1976;1977-1982;1983-1985, 1992-1993;1986-1991;1992;1994-2004;2004-2010;2011-	1
1938-2004;1938-1961;1962-2004	1
1945-1990;1945-1976;1977-1990	1
1924-1982;1924-1939;1940-1954;1954-1979;1980-1982	1
1950-1975;1950-1963;1963-1975	1
1936-1969;1936-1968;1969	1
1920-1975;1920-1928;1929-1937;1937-1950;1951-1952;1953-1975	1
1914-1993;1914-1982, 1988-1989;1982-1987;1992-1993	1
1936-1979;1936-1948;1948-1952;1952-1954;1955-1967;1967-1979	1
1839-1980;1839-1868;1871-1921;1922-1975;1976-1980	1
1925-1976;1925-1926;1926-1929;1929-1933;1933-1975;1975-1976	1
1907-1969;1907-1938;1939-1959;1959-1969	1
1902-;1902-1919;1920-1946;1946-1963;1963-	1
1944-1992;1944-1968;1969-1992	1
1947-1998;1947-1954;1955;1956-1968;1969-1998	1
1920-1994;1920-1943;1944-1994;1994	1
1916-;1916-1975;1976-	1
1943-1989;1943-1949;1949-1987;1987;1988-1989	1
1932-2004;1932-1999;2002-2004	1
1951-1983;1951-1953;1954-1968;1968-	1
1872-;1872-1947;2001-2007;1947-2001, 2007-?	1
1949-2003;1949-1960;1961-1971;1971-1993;1993-2003	1
1926-1995;1926-1992;1993-1995	1
1927-1997;1927-1941;1942-1962;1963-1997	1
1940-2005;1940-1959;1959-1984;1985-1994;1995-2005	1
1925-;1925-1961, 1970-1977, 1989-1990;1961-1970;1977-1989;1990-1991;1991;1992-?;[2007];2008-	1
1919-1988;1919-1921;1922-1945;1946-1988	1
1882-;1882-1912;1912-1922;1923-1928;1928-1981;1982-1995;1996-	1
1920-;1920-1969;1970-1982;1982-1992;1992-1994;1994-2000;2000-2005;2006-	1
1950-1991;1950-1955;1956-1972;1973-1991	1
179-?]	1
1928-1969;1928-1930;1930-1961;1962-1966;1967-1969	1
1750-talet 1760-	1
[173?-174?]	1
[1740-talet?]	1
1740-talet 1750-talet	1
1780-	1
[1790-talet]	1
1720-	1
1700-talet 1800-talet	1
1740-talet 1750-	1
1730-talet 1740-	1
1741-42 1700-talet	1
1750-talet, 1760-talet	1
[175-?]	1
[175?]	1
1708, 1730-talet	1
1750-1760-talet	1
1700-t.	1
1770-1780-talen	1
179?	1
1922-1956;1922-1940;1941-1956	1
1760-talet 1770-	1
1760-talet 1770-talet	1
1770-talet 1780-	1
1740-talet 1730-	1
180	1
182	1
1942-;1942-1947;1950-	1
1951-[198-?]	1
1952-1966;1952-1954, 1957-1962;1954-1957;1962-1963;1963-1966	1
1903-1912;1903-1909;1910-1912	1
1952-1964;1952-1954;1955-1964	1
1912-1914;1912	1
[179?]	1
1871-1873;1873	1
1897-1898;1898	1
1912-1923;1912	1
195?	1
1901-1961;1901-1919, 1925-1953;1920-1924;1954-1961	1
[188-?]-1883	1
1872-1888;1888	1
1871-1872;1872	1
1953-1958;1953-1958;1958	1
1946-;1946;1946-1947;1948-	1
1913-1992;1913-1947;1953-[19--];[19--]-1992	1
1921-1925;1921	1
1842-	1
s. a.	1
1852-1880;1880	1
1852-1880;1876	1
1926-1927;1927	1
1926-1927;1926	1
1912-1932;1912	1
1906-1910;1910	1
1935-1936;1936	1
1952-1955;1955	1
1952-1955;1952	1
1939-;2006?-	1
19?-	1
1869-1897;1883	1
1934-;1934-1963, 1981-1984, 1989-1990;1964-1980, 1985-1988;1991-	1
1936-1959;1936-1955;1955-1959	1
1947-1970;1947-1958;1958-1970	1
1913-15;1922	1
1913-15;1920	1
1913-15;1928	1
1993-	1
1936-1939;1937	1
Bonnier	1
1915-20;1920	1
1915-20;1918	1
1915-20;1915	1
1945-1960;1945;1946-1960	1
1939-1940;1939	1
[187-?]	1
[1945- ]	1
c1945	1
1953-1958;1953-1956;1957-1958	1
1944-1956;1944-1952;1953-1956	1
1955-1964;1958-1964	1
c1947	1
[c1939]	1
[c1942]	1
1907-1911;1911	1
1907-1911;1908	1
1948-1969;1948-1950;1951-1956;1956-1964;1965-1969	1
c1949	1
1916-27;1927	1
1916-27;1918	1
1916-27;1916	1
1942-1946;1946	1
1942-1946;1942	1
1886-1888;1886	1
1910-1976;1910-1921;1922;1923-1976	1
1914-1918;1918	1
1914-1918;1917	1
Unity School of Christianity,;[s.a.]	1
1988-	1
1927-1944;1944	1
1927-1944;1927	1
[c1940]	1
1896-1899;1899	1
1896-1899;1898	1
1896-1899;1897	1
1896-1899;1896	1
1882-1892;1892	1
1882-1892;1885	1
1882-1892;1882	1
1864-	1
1951-1986;1951-1962;1963-1965;1965-1972;1972-1986	1
1935-1958;1935-1937;1937;1938-1958	1
1936-1972;1936-1944;1944-1949;1949-1972	1
1913-1955;1955	1
1945-1946;1946	1
1945-1946;1945	1
1872-1884;1877	1
1951(	1
[196-?]	1
1950-1952;1952	1
1927-1941;1941	1
1913-26;1921	1
[1972?]-	1
[19-?]-1959	1
1942-1943;1943	1
1944-1966;1949	1
1944-1966;1948	1
1944-1966;[1949]	1
1944-1966;1952	1
1944-1966;1954	1
1944-1966;1951	1
1944-1966;1953	1
1944-1966;1955	1
1944-1966;[1946]	1
1927-1928;1927	1
1953-1968;1953-1965;1966-1968	1
1945/1946	1
1901-1947;1947	1
1901-1947;1911	1
1901-1947;1901	1
1946-1971;1946-1947;1948-1971	1
1926-;1926-1943;1991?-	1
1927-1990;1927-1947;1947-1956;1957-1969;1969-1970;1970-1990	1
1945-1966;1945;1945;1945-1953;1952, 1954-1955, 1962-1963;1956-1962;1964-1966	1
1924-1965;1924-1926;1927-1928;1929-1965	1
1935-1938;1935	1
1922-1969;1922-1929;1930-1933;1934-1969	1
1918-;2005-	1
1949-1961;1949-1958;1959;1960-1961;1961	1
cop.1943	1
Wistrand & Thulins förl.,;[s.a.]	1
1926-;1951-1961;2003-2007;1926-1951, 1961-2002, 2007-	1
[186-]-	1
1939-1947;1939	1
1950-1965;1950-1952;1952-1962;1963-1965	1
1888?-	1
1948-1965;1948-1951;1951-1965	1
1924-[19-?]	1
1927-1978;1927-1967;1968-1978	1
1922-1968;1922;1923-1968	1
1872-1974;1872-[18--];1900-1952;1952-1961;1961-1964;1965-1967;1967-1972;1972-1974	1
1877-1974;1877-?;1900?-1922;1923-1945;1945-1974	1
1955-1974;1955-1960;1960-1971;1971-1974	1
1914-1962;1914-1920, 1961-1962;1921-1960;1962	1
1928-1971;1928-1932;1933-1962;1963-1970;1971	1
1938-1958;1938, 1940;1938-1939;1940-1958	1
1887-1957;1887-1929;1929-1957	1
1892-1966;1900-1902;1903;1903-1904;1904-1906;1907-1927;1928-1934;1935-1960;1960-1961;1961-1966	1
1931-1965;1931-1947;1948-1965	1
1918-[19--?]	1
[19-?]-1956	1
1894-1961;1894-1919;1920-1929;1930-1939;1951-1958;1959-1961	1
1920-1921;1921	1
1917-1926;1922	1
19--?]	1
1922-1956;1922-1928;1928-1956	1
1927-1976;1927-1951;1952-1969	1
1904-1981;1904;1905-1910;1911-1912;1913-1971;1972-1981	1
1938-1969;1938-1939;1940-1969	1
1863-;1938-1956;1863-1937, [1957]-	1
1914-1955;1914-1916;1917-1919;1920;1920-1945;1946-1947;1947-1953;1954-1955	1
1944-1982;1944-1974;1977-1982	1
[19--]-1968	1
1894-1954;1894-1922;1923-1954	1
[1930-]	1
[19--?]-1960	1
1960-	1
[18-?]-[19-?]	1
1948-1972;1948-1954;1954-1962;1962-1972	1
1887-1961;1887-1890;1894-1910;1910-1953;1954-1959;1960-1961	1
19--?-	1
1913-1962;1913-1917;1917-1926;1926-1954;1955-1958;1958-1959;1960-1962	1
1900-1961;1900-1925;1925-1956;1956-1961	1
1885-1924;1900-1902;1908-1910;1910-1918;1918-1924	1
1953-;1953-1955;1955-[19--];[19--]-	1
1933-1985;1933;1934-1941;1942-1979;1980-1985	1
1969-	1
1909-;1909-2011;2012-	1
1907-1954;1907-1924;1925;1925-1931;1932-1955	1
1916-;1916-1999?;1994-	1
1930-1953;1930-1953;1953	1
191?-	1
1906-;1906-1907;1908;1909-1912;1913-1914;1915-1929;1930-1960;1961-1970;1971;1972;1973-	1
1948-1975;1948-1966;1966-1969;1969-1975	1
1948-1961;1948-1956;1957-1961	1
1941-1964;1941-1957;1957-1964	1
1920-1961;1920-1933;1934-1940;1941-1961	1
1951-;1951-1955;1958-	1
1936-;1936-1975;1976;1977-1980, 1983-2001;1981;1982;2002-2006;2007-	1
1948-1999;1948;1948-1989;1989-1999	1
1949-1966;1949-1950;1951-1966	1
1918-1963;1918-1961;1963	1
1936-1981;1936-1945;1945-1968;1969;1981;1986-1990	1
1953-1981;1953-1956;1977-1981	1
1931-1977;1931-1972;1975;1977	1
1944-1986;1944-[19--];[19--]-1986	1
1898-1969;1900-1905;1906-1969	1
1965-	1
1941-1960;1941-1942;1948-1960	1
1900-1964;1900-1927;1928-1964	1
1949-[197-]	1
1919-1960;1919-1922;1923-1940;1940-1955;1955-1960	1
1977<U+E006>1982	1
1984-	1
1950-1964;1950-1961;1962;1962-1964	1
1963-	1
1903-1965;1948/1950-1965	1
1946-1961;1946-1947;1948-1961	1
1908-1928;1907	1
1931-1974;1931-1962;1963-1974	1
1897-1963;1897-1899;1900-1963	1
1916-1965;1916-1926;1927;1928-1931;1932-1935;1936-1937;1938-1941;1942-1944;1946-1947;1952-1957;1965	1
1823-1879;1879	1
1870-1872;1870	1
1912-1967;1912-1948;1949-1967	1
1939-1972;1939;1939-1940;1941-1948;1948-1972	1
1913-1969;1913-1922;1922-1942;1943-1969	1
1928-;1928-[19--];[19--]-	1
1912-1990;1912-1973;1974-1990	1
1905-1931;1905-1919;1919-1920;1921;1922;1923-1931	1
1899-1964;1899-1905;1906;1907-1938;1939-1964	1
1891-1934;1891-1906;1907-1934	1
1920-1967;1920-1951;1952-1962;1963-1967	1
1968-	1
1879-	1
1937-1970;1937-1938;1939;1940-1963;1937-1966;1968-1970	1
1979-1985;1979-1985;1985	1
1916-1920;1921	1
[195-?]-	1
1947-1948;1953	1
1860-	1
