Published_in	Published_from	Published_till	Count
NA	NA	NA	354274
NA	1723	1791	287
NA	1761	1828	266
NA	1731	1811	202
NA	1730	1815	184
NA	1750	1812	138
NA	1870	1941	128
NA	1772	1834	117
NA	1759	1808	112
NA	1723	1789	108
NA	1904	1967	100
NA	1854	1946	93
NA	1769	1856	87
NA	1754	1821	86
NA	1754	1810	86
NA	1887	1960	85
NA	1755	1821	81
NA	1794	1875	80
NA	1772	1832	79
1795	NA	NA	76
NA	1704	1767	74
NA	1908	1973	74
NA	1895	1974	74
NA	1709	1789	74
NA	1575	1647	72
NA	1908	1983	72
NA	1676	1732	71
NA	1881	1974	70
NA	1698	1768	70
NA	1757	1826	69
NA	1710	1783	69
NA	1904	1997	67
NA	1911	2002	67
NA	1888	1983	67
NA	1682	1753	67
NA	1898	1975	66
NA	1706	1773	66
NA	1922	1976	65
NA	1688	1741	65
NA	1778	1854	65
NA	1764	1850	62
NA	1858	1940	61
NA	1874	1960	61
NA	1866	1928	59
1890	NA	NA	59
NA	1767	1826	58
NA	1901	1997	57
NA	1777	1831	57
NA	1870	1947	56
NA	1894	1973	56
NA	1725	1776	56
NA	1860	1943	55
NA	1892	1979	55
NA	1483	1546	54
NA	1914	1988	53
NA	1729	1790	53
NA	1685	1759	53
NA	1852	1918	52
NA	1763	1844	52
NA	1864	1931	52
NA	1787	1841	51
NA	1761	1812	50
NA	1785	1850	49
NA	1799	1859	49
NA	1912	1967	49
NA	1886	1973	48
NA	1902	1993	48
NA	-1791	-1791	48
NA	1892	1974	47
NA	1901	1988	47
NA	1911	1994	47
NA	1879	1965	46
NA	1887	1970	46
NA	1735	1798	46
NA	1750	1829	46
NA	1772	1830	46
NA	-1769	-1769	45
NA	1755	1824	45
NA	1807	1877	44
NA	1888	1965	44
NA	1764	1833	44
NA	1741	1823	44
NA	1912	2011	44
NA	1747	1822	43
NA	1843	1925	41
NA	1885	1957	41
NA	1882	1953	41
NA	1716	1789	41
NA	1890	1976	41
NA	1851	1938	40
NA	1837	1907	40
NA	1855	1944	40
NA	1910	1992	40
NA	1771	1823	40
NA	1916	1959	39
NA	1824	1912	39
NA	1920	1971	39
NA	1859	1931	38
NA	1907	1989	38
NA	1903	1991	38
NA	1764	1830	38
NA	1615	1690	38
NA	1750	1821	38
NA	1903	1987	37
NA	1914	1978	37
NA	1631	1703	37
NA	1721	1793	37
NA	1699	1743	37
NA	1781	1856	36
NA	1847	1931	36
NA	1873	1930	36
NA	1801	1865	36
NA	1876	1948	36
NA	1757	1834	36
NA	1853	1919	35
NA	1886	1969	35
NA	1888	1932	35
NA	1911	1992	35
NA	1869	1940	34
NA	1896	1960	34
NA	1885	1975	34
NA	1913	1987	34
NA	1691	1759	34
NA	1792	1837	33
NA	1754	1816	33
NA	1914	1989	33
NA	1902	1980	33
NA	1643	1714	33
NA	1849	1912	32
NA	1910	1996	32
NA	1764	1831	32
1690	NA	NA	31
NA	1785	1860	31
NA	1740	1795	31
NA	1721	1783	31
NA	1808	1874	30
NA	1894	1965	30
NA	1914	1997	30
NA	1767	1850	30
NA	1898	1986	30
NA	1744	1814	30
NA	1907	1968	30
NA	1845	1930	30
NA	1530	1616	30
NA	1904	1957	30
NA	1789	1865	30
NA	1859	1921	29
1886	NA	NA	29
NA	1735	1810	29
NA	1863	1936	29
NA	1829	1901	28
NA	1861	1930	28
NA	1914	1967	28
NA	1673	1732	28
NA	1876	1944	27
NA	1870	1940	27
NA	1750	1818	27
NA	1680	1754	27
NA	1892	1976	27
NA	1658	1724	27
NA	1844	1929	26
NA	1864	1940	26
NA	1883	1961	26
NA	1887	1963	26
NA	1647	1695	26
NA	1679	1744	26
NA	1877	1955	26
NA	1894	1985	26
NA	1754	1812	26
NA	1736	1797	26
NA	1876	1950	25
NA	1862	1947	25
NA	1855	1935	25
NA	1858	1934	25
NA	1799	1888	25
NA	1891	1964	25
NA	1812	1872	25
NA	1871	1967	25
NA	1871	1917	25
NA	1889	1961	25
1735	NA	NA	25
NA	1707	1778	25
NA	1866	1931	24
NA	1894	1963	24
NA	1849	1928	24
NA	1812	1867	24
NA	1856	1927	24
NA	1920	1967	24
NA	1786	1862	24
NA	1722	1792	24
NA	1661	1716	24
NA	1837	1889	23
NA	1874	1956	23
NA	1786	1859	23
NA	1891	1969	23
NA	1812	1890	23
NA	1905	1996	23
NA	1872	1953	23
NA	1771	1831	23
NA	1884	1956	23
NA	1907	1960	23
NA	1717	1794	23
NA	1888	1937	23
NA	1743	1810	23
NA	1761	1842	23
NA	1773	1852	23
NA	1779	1807	23
NA	1687	1771	23
NA	1875	1949	22
NA	1890	1964	22
NA	1726	1789	22
NA	1756	1835	22
NA	1864	1930	22
NA	1884	1932	22
NA	1832	1901	22
NA	1630	1702	22
NA	1709	1777	22
NA	1905	1994	22
NA	1786	1861	22
NA	1770	1835	21
NA	1877	1952	21
NA	1873	1945	21
NA	1857	1929	21
NA	1848	1922	21
NA	1849	1923	21
NA	1905	1995	21
NA	1785	1827	21
NA	1906	1979	21
NA	1891	1977	21
NA	1893	1969	21
NA	1908	2003	21
NA	1876	1967	21
NA	1924	2004	21
NA	1550	1611	21
NA	1711	1772	21
NA	1704	1757	21
NA	1905	1974	21
NA	1913	1994	21
NA	1874	1953	21
NA	1775	1833	21
NA	1885	1959	21
NA	1887	1951	21
NA	1756	1823	21
NA	1782	1828	21
NA	1882	1942	20
NA	1555	1636	20
NA	1869	1928	20
NA	1860	1925	20
NA	1898	1987	20
NA	1866	1944	20
NA	1864	1951	20
NA	1856	1930	20
NA	1908	1984	20
NA	1886	1972	20
NA	1866	1953	20
NA	1917	2002	20
NA	1888	1972	20
NA	1891	1950	20
NA	1905	1986	20
NA	1904	1983	20
NA	1748	1820	20
NA	1895	1989	20
NA	1701	1744	20
NA	1778	1836	20
NA	1766	1819	20
NA	1660	1718	20
NA	1651	1707	20
NA	1867	1953	19
NA	1854	1905	19
NA	1884	1946	19
NA	1848	1919	19
NA	1688	1772	19
NA	1908	1976	19
NA	1875	1954	19
NA	1772	1824	19
NA	1867	1930	19
NA	1906	1991	19
NA	1642	1679	19
NA	1905	1956	19
NA	1800	1877	19
NA	1872	1930	19
NA	1916	1971	19
NA	1868	1961	19
NA	1921	2009	19
NA	1894	1974	19
NA	1784	1846	19
NA	1889	1963	19
NA	1748	1796	19
NA	1752	1825	19
NA	1723	1784	19
NA	1716	1776	19
NA	1769	1845	19
1879	NA	NA	18
NA	1906	1981	18
NA	1853	1923	18
NA	1854	1924	18
NA	1862	1939	18
NA	1898	1961	18
NA	1888	1967	18
NA	1855	1926	18
NA	1886	1953	18
NA	1887	1962	18
NA	1875	1952	18
NA	1760	1835	18
NA	1882	1948	18
NA	1910	1983	18
NA	1899	1970	18
NA	1900	1976	18
NA	1903	1999	18
NA	1659	1724	18
NA	1734	1802	18
NA	1870	1937	18
NA	1699	1769	18
NA	1698	1783	18
NA	1916	1977	18
NA	1912	1985	18
NA	1923	2006	18
NA	1762	1834	18
NA	1912	1987	18
NA	1790	1840	18
NA	1885	1967	18
NA	1654	1720	18
NA	1647	1718	18
NA	1695	1765	18
NA	1734	1806	18
NA	1748	1827	18
NA	1823	1893	17
NA	1858	1908	17
NA	1887	1945	17
NA	1891	1984	17
NA	1878	1952	17
NA	1861	1943	17
NA	1884	1981	17
NA	1874	1951	17
NA	1762	1819	17
NA	1769	1833	17
NA	1882	1968	17
NA	1754	1823	17
NA	1748	1836	17
NA	1865	1952	17
NA	1867	1956	17
NA	1773	1855	17
NA	1882	1970	17
NA	1699	1770	17
NA	1872	1960	17
NA	1887	1936	17
NA	1907	1995	17
NA	1891	1960	17
NA	1862	1933	17
NA	1754	1817	17
NA	1879	1963	17
NA	1892	1965	17
NA	1857	1945	17
NA	1755	1832	17
NA	1906	1982	17
NA	1696	1750	17
NA	1897	1952	17
NA	1840	1899	16
NA	1895	1983	16
NA	1833	1904	16
NA	1860	1944	16
NA	1876	1971	16
NA	1851	1925	16
NA	1878	1947	16
NA	1883	1965	16
NA	1888	1954	16
NA	1869	1956	16
NA	1859	1938	16
NA	1811	1869	16
NA	1896	1974	16
NA	1823	1906	16
NA	1903	1984	16
NA	1776	1848	16
NA	1919	1989	16
NA	1881	1968	16
NA	1636	1715	16
NA	1730	1816	16
NA	1746	1820	16
NA	1878	1961	16
NA	1894	1968	16
NA	1899	1983	16
NA	1867	1942	16
NA	1884	1965	16
NA	1882	1963	16
NA	1850	1929	16
NA	1716	1784	16
NA	1729	1803	16
NA	1821	1899	16
NA	1765	1836	16
NA	1782	1836	16
NA	1712	1792	16
NA	1782	1829	16
NA	1880	1950	15
NA	1862	1948	15
NA	1889	1968	15
NA	1852	1927	15
NA	1844	1900	15
NA	1832	1904	15
NA	1890	1978	15
NA	1879	1964	15
NA	1855	1947	15
NA	1817	1897	15
NA	1880	1951	15
NA	1896	1975	15
NA	1779	1848	15
NA	1888	1960	15
NA	1859	1925	15
NA	1884	1959	15
NA	1910	1968	15
NA	1882	1969	15
NA	1883	1950	15
NA	1686	1768	15
NA	1683	1738	15
NA	1892	1949	15
NA	1888	1974	15
NA	1779	1839	15
NA	1904	1978	15
NA	1888	1968	15
NA	1891	1974	15
NA	1890	1972	15
NA	1865	1947	15
NA	1842	1919	15
NA	1869	1933	15
NA	1590	1657	15
NA	1787	1829	15
NA	1760	1834	15
NA	1684	1743	15
NA	1749	1814	15
NA	1723	1795	15
NA	1718	1800	15
NA	1726	1804	15
NA	1689	1771	15
NA	1882	1954	14
NA	1882	1952	14
NA	1895	1982	14
NA	1829	1907	14
NA	1881	1955	14
NA	1833	1901	14
NA	1889	1977	14
NA	1867	1944	14
NA	1919	2007	14
NA	1844	1933	14
NA	1870	1956	14
NA	1822	1901	14
NA	1859	1935	14
NA	1847	1925	14
NA	1824	1895	14
NA	1782	1820	14
NA	1856	1935	14
NA	1791	1858	14
NA	1913	1976	14
NA	1879	1959	14
NA	1649	1723	14
NA	1893	1950	14
NA	1914	1993	14
NA	1757	1814	14
NA	1708	1772	14
NA	1708	1771	14
NA	1890	1959	14
NA	1890	1969	14
NA	1797	1866	14
NA	1888	1957	14
NA	1899	1975	14
NA	1841	1914	14
NA	1838	1914	14
NA	1658	1706	14
NA	1873	1942	14
NA	1735	1784	14
NA	1882	1956	14
NA	1889	1946	14
NA	1745	1816	14
NA	1754	1819	14
NA	1738	1805	14
NA	1775	1839	14
NA	1707	1781	14
NA	1775	1846	14
NA	1786	1845	14
NA	1709	1769	14
1734	NA	NA	14
NA	1692	1729	14
NA	1860	1945	13
NA	1818	1898	13
NA	1766	1838	13
NA	1874	1946	13
NA	1899	1973	13
NA	1893	1982	13
NA	1889	1958	13
NA	1802	1875	13
NA	1877	1970	13
NA	1904	1965	13
NA	1775	1840	13
NA	1749	1832	13
NA	1907	1979	13
NA	1731	1795	13
NA	1748	1819	13
NA	1912	1983	13
NA	1905	1985	13
NA	1695	1759	13
NA	1923	1996	13
NA	1751	1823	13
NA	1752	1819	13
NA	1745	1812	13
NA	1723	1799	13
NA	1738	1814	13
NA	1911	1986	13
NA	1887	1955	13
NA	1864	1943	13
NA	1881	1967	13
NA	1755	1819	13
NA	1892	1953	13
NA	1904	1977	13
NA	1638	1692	13
NA	1857	1922	13
NA	1789	1860	13
NA	1756	1806	12
1743	NA	NA	12
NA	1724	1803	12
1873	NA	NA	12
NA	1916	1998	12
NA	1886	1959	12
NA	1879	1967	12
NA	1900	1964	12
NA	1884	1964	12
NA	1857	1914	12
NA	1881	1977	12
NA	1884	1951	12
NA	1891	1978	12
NA	1884	1971	12
NA	1880	1953	12
NA	1858	1909	12
NA	1796	1858	12
NA	1849	1926	12
NA	1828	1895	12
NA	1777	1858	12
NA	1888	1958	12
NA	1783	1847	12
NA	1785	1873	12
NA	1843	1901	12
NA	1905	1978	12
NA	1845	1898	12
NA	1179	1241	12
NA	1864	1925	12
NA	1895	1978	12
NA	1909	1999	12
NA	1885	1961	12
NA	1912	1993	12
NA	1888	1976	12
NA	1909	1982	12
NA	1626	1697	12
NA	1668	1740	12
NA	1875	1948	12
NA	1713	1791	12
NA	1786	1856	12
NA	1731	1803	12
NA	1680	1743	12
NA	1894	1984	12
NA	1922	2011	12
NA	1923	2009	12
NA	1853	1931	12
NA	1893	1978	12
NA	1904	1993	12
1884	NA	NA	12
NA	1898	1973	12
NA	1903	1993	12
NA	1860	1926	12
NA	1878	1964	12
NA	1910	1991	12
NA	1891	1972	12
NA	1737	1812	12
NA	1911	1985	12
NA	1761	1819	12
NA	1899	1993	12
NA	1751	1818	12
NA	1894	1966	12
NA	1900	1985	12
NA	1916	1999	12
NA	1875	1946	12
NA	1725	1794	12
NA	1880	1952	12
NA	1746	1813	12
NA	1726	1801	12
NA	1732	1808	12
NA	1756	1828	12
NA	1737	1811	12
NA	1664	1742	12
NA	1707	1762	12
NA	1884	1974	11
NA	1851	1890	11
NA	1903	1996	11
NA	1867	1952	11
NA	1862	1938	11
NA	1904	1996	11
NA	1897	1988	11
NA	1894	1970	11
NA	1876	1960	11
NA	1840	1910	11
NA	1894	1954	11
NA	1907	2002	11
NA	1868	1930	11
NA	1896	1961	11
NA	1882	1960	11
NA	1713	1778	11
1846	NA	NA	11
NA	1845	1890	11
1882	NA	NA	11
NA	1904	1988	11
NA	1765	1851	11
NA	1844	1925	11
NA	1882	1949	11
NA	1901	1979	11
NA	1863	1933	11
NA	1849	1922	11
NA	1881	1971	11
NA	1902	1979	11
NA	1908	2001	11
NA	1884	1947	11
NA	1810	1864	11
NA	1892	1978	11
NA	1888	1935	11
NA	1876	1961	11
NA	1755	1810	11
NA	1738	1809	11
NA	1745	1821	11
NA	1685	1762	11
NA	1889	1991	11
NA	1908	1988	11
NA	1890	1961	11
NA	1877	1964	11
NA	1895	1969	11
NA	1864	1932	11
NA	1873	1960	11
NA	1906	1983	11
NA	1887	1974	11
NA	1877	1957	11
NA	1892	1960	11
NA	1892	1968	11
NA	1896	1964	11
NA	1897	1964	11
NA	1908	1982	11
NA	1910	1952	11
NA	1876	1946	11
NA	1925	2010	11
NA	1768	1827	11
NA	1905	1935	11
NA	1787	1869	11
NA	1757	1810	11
NA	1860	1923	10
NA	1879	1953	10
NA	1839	1909	10
NA	1882	1918	10
NA	1806	1892	10
NA	1890	1981	10
NA	1850	1924	10
NA	1847	1915	10
NA	1832	1907	10
NA	1885	1962	10
NA	1820	1895	10
NA	1835	1902	10
NA	1868	1936	10
NA	1859	1927	10
NA	1893	1958	10
NA	1889	1974	10
NA	1893	1965	10
NA	1832	1912	10
NA	1904	1982	10
NA	1802	1884	10
NA	1805	1857	10
NA	1815	1879	10
NA	1756	1829	10
NA	1853	1934	10
NA	1869	1964	10
NA	1796	1888	10
NA	1860	1920	10
NA	1892	1975	10
NA	1906	1984	10
NA	1804	1877	10
NA	1776	1850	10
NA	1806	1884	10
NA	1775	1861	10
NA	1879	1966	10
NA	1886	1971	10
NA	1772	1847	10
NA	1869	1954	10
NA	1839	1927	10
NA	1887	1983	10
NA	1915	1984	10
NA	1863	1904	10
NA	1905	1968	10
NA	1768	1837	10
NA	1879	1960	10
NA	1880	1941	10
NA	1626	1689	10
NA	1763	1837	10
NA	1758	1847	10
NA	1742	1813	10
NA	1762	1818	10
NA	1685	1772	10
NA	1713	1795	10
NA	1844	1916	10
NA	1705	1765	10
NA	1701	1768	10
NA	1910	1950	10
NA	1794	1879	10
NA	1791	1854	10
NA	1893	1972	10
NA	1786	1852	10
NA	1894	1961	10
NA	1883	1960	10
NA	1907	1970	10
NA	1863	1944	10
NA	1805	1875	10
NA	1791	1857	10
NA	1892	1988	10
NA	1764	1829	10
NA	1677	1718	10
NA	1854	1925	10
NA	1902	1970	10
NA	1878	1940	10
NA	1902	1982	10
NA	1882	1957	10
NA	1913	2014	10
NA	1888	1949	10
NA	1868	1955	10
NA	1893	1974	10
NA	1730	1794	10
NA	1894	1951	10
NA	1579	1636	10
NA	1630	1693	10
NA	1598	1677	10
NA	1623	1692	10
NA	1917	1994	10
NA	1777	1847	10
NA	1772	1837	10
NA	1737	1816	10
NA	1697	1764	10
NA	1725	1795	10
NA	1770	1841	10
NA	1703	1761	10
NA	1798	1830	10
NA	1786	1841	10
NA	1669	1733	10
NA	1855	1936	9
NA	1887	1987	9
NA	1875	1938	9
NA	1877	1950	9
NA	1663	1695	9
NA	1870	1948	9
NA	1863	1938	9
NA	1872	1959	9
NA	1889	1966	9
NA	1906	1969	9
NA	1832	1885	9
NA	1908	1996	9
NA	1867	1936	9
NA	1899	1972	9
NA	1850	1921	9
NA	1880	1968	9
NA	1801	1841	9
NA	1866	1940	9
NA	1901	1995	9
NA	1820	1897	9
NA	1908	1991	9
NA	1814	1875	9
NA	1892	1982	9
NA	1916	2009	9
NA	1916	1994	9
NA	1880	1937	9
NA	1869	1941	9
NA	1896	1952	9
NA	1895	1976	9
NA	1884	1960	9
NA	1863	1945	9
NA	1873	1958	9
NA	1926	2007	9
NA	1904	1986	9
NA	1891	1962	9
NA	1895	1963	9
NA	1882	1933	9
NA	1879	1957	9
NA	1900	1956	9
NA	1903	1972	9
NA	1857	1904	9
NA	1778	1862	9
NA	1904	1979	9
NA	-1663	-1663	9
NA	1771	1856	9
NA	1753	1825	9
NA	1870	1958	9
NA	1772	1861	9
NA	1721	1807	9
NA	1683	1736	9
NA	1657	1731	9
NA	1889	1965	9
1881	NA	NA	9
NA	1878	1962	9
NA	1882	1965	9
NA	1753	1839	9
NA	1889	1981	9
NA	1899	1946	9
NA	1866	1951	9
NA	1876	1957	9
NA	1877	1962	9
NA	1905	1980	9
NA	1788	1852	9
NA	1902	1972	9
NA	1813	1895	9
NA	1919	2001	9
NA	1876	1962	9
NA	1900	1996	9
NA	1770	1849	9
NA	1915	1998	9
NA	1696	1775	9
NA	1889	1969	9
NA	1875	1959	9
NA	1816	1898	9
NA	1875	1951	9
NA	1675	1743	9
NA	1786	1854	9
NA	1895	1967	9
NA	1885	1939	9
NA	1889	1941	9
NA	1791	1837	9
NA	1859	1940	9
NA	1896	1968	9
NA	1894	1986	9
NA	1904	1984	9
NA	1727	1787	9
NA	1719	1786	9
1865	NA	NA	9
NA	1889	1964	9
NA	1568	1652	9
1648	NA	NA	9
NA	1621	1679	9
NA	1858	1928	9
NA	1702	1766	9
NA	1717	1774	9
NA	1759	1819	9
NA	-1795	-1795	9
NA	1721	1769	9
NA	1754	1804	9
NA	1585	1670	9
NA	1927	1996	9
NA	1845	1922	8
NA	1890	1975	8
NA	1816	1902	8
NA	1743	1828	8
NA	1842	1912	8
NA	1878	1945	8
NA	1844	1926	8
NA	1835	1920	8
NA	1861	1937	8
NA	1746	1792	8
NA	1820	1860	8
NA	1897	1973	8
NA	1867	1960	8
NA	1877	1940	8
NA	1885	1947	8
NA	1888	1986	8
NA	1855	1932	8
NA	1881	1948	8
NA	1846	1900	8
NA	1900	1988	8
NA	1887	1946	8
NA	1776	1844	8
NA	1843	1908	8
NA	1899	1986	8
NA	1787	1834	8
NA	1884	1950	8
NA	1877	1947	8
NA	1861	1944	8
NA	1785	1871	8
NA	1914	2002	8
NA	1733	1793	8
NA	1852	1937	8
NA	1867	1918	8
NA	1737	1788	8
NA	1864	1945	8
NA	1877	1946	8
NA	1909	1968	8
NA	1889	1971	8
NA	1890	1946	8
NA	1820	1898	8
NA	1888	1970	8
NA	1900	1982	8
NA	1864	1933	8
NA	1850	1913	8
NA	1880	1964	8
NA	1861	1936	8
NA	1852	1922	8
NA	1897	1983	8
NA	1870	1952	8
NA	1910	1999	8
NA	1915	1996	8
NA	1922	1998	8
NA	1871	1953	8
NA	1811	1877	8
NA	1896	1979	8
NA	1907	1997	8
NA	1912	1994	8
NA	1878	1942	8
NA	1885	1941	8
NA	1822	1890	8
NA	1566	1632	8
1615	NA	NA	8
NA	1860	1936	8
NA	1890	1971	8
NA	1908	1999	8
NA	1751	1820	8
NA	1703	1781	8
NA	1710	1771	8
NA	1902	1960	8
NA	1890	1967	8
NA	1907	1996	8
NA	1902	1981	8
NA	1777	1850	8
NA	1879	1952	8
NA	1776	1836	8
NA	1841	1911	8
NA	1853	1929	8
NA	1885	1946	8
NA	1881	1958	8
NA	1868	1927	8
NA	1878	1931	8
NA	1746	1803	8
NA	1747	1826	8
NA	1928	1986	8
NA	1747	1804	8
NA	1832	1913	8
NA	1896	1980	8
NA	1887	1937	8
NA	1914	1999	8
NA	1879	1971	8
NA	1895	1990	8
NA	1875	1960	8
NA	1906	1989	8
NA	1918	1984	8
NA	1899	1969	8
NA	1916	1996	8
NA	1902	1983	8
1871	NA	NA	8
NA	1915	1995	8
NA	1787	1864	8
NA	1910	1995	8
NA	1850	1942	8
NA	1868	1940	8
NA	1873	1956	8
NA	1892	1950	8
NA	1898	1957	8
NA	1770	1822	8
NA	1904	1987	8
NA	1727	1788	8
NA	1908	1981	8
NA	1897	1975	8
NA	1909	2006	8
1617	NA	NA	8
NA	1575	1639	8
NA	1653	1735	8
NA	1761	1829	8
NA	1873	1954	8
NA	1769	1839	8
NA	1671	1730	8
NA	1713	1802	8
NA	1769	1840	8
NA	1775	1858	8
NA	1714	1766	8
NA	1783	1812	8
NA	1692	1759	8
NA	-1800	-1800	8
NA	1764	1822	8
NA	1779	1822	8
NA	1690	1740	8
NA	1853	1912	7
NA	1861	1952	7
NA	1807	1876	7
NA	1875	1955	7
NA	1860	1933	7
NA	1877	1956	7
NA	1898	1971	7
NA	1855	1918	7
NA	1864	1954	7
NA	1867	1935	7
NA	1842	1913	7
NA	1823	1895	7
NA	1893	1942	7
NA	1902	1978	7
NA	1907	2006	7
NA	1893	1956	7
NA	1851	1916	7
NA	1907	1983	7
NA	1852	1933	7
NA	1785	1863	7
NA	1883	1957	7
NA	1868	1951	7
NA	1904	1970	7
NA	1852	1919	7
NA	1844	1917	7
NA	1828	1900	7
NA	1899	1974	7
NA	1889	1950	7
NA	1791	1861	7
NA	1916	2006	7
NA	1896	1973	7
NA	1903	1986	7
NA	1827	1910	7
NA	1807	1892	7
NA	1898	1985	7
NA	1824	1888	7
NA	1840	1890	7
NA	1798	1865	7
NA	1801	1873	7
NA	1694	1754	7
NA	1842	1920	7
NA	1895	1975	7
NA	1813	1903	7
NA	1862	1906	7
NA	1846	1905	7
NA	1874	1934	7
NA	1817	1895	7
NA	1903	1965	7
NA	1660	1712	7
NA	1846	1913	7
NA	1867	1946	7
NA	1833	1912	7
NA	1835	1906	7
1600	NA	NA	7
NA	1848	1913	7
NA	1914	1986	7
NA	1810	1888	7
NA	1803	1876	7
NA	1861	1918	7
NA	1863	1941	7
NA	1863	1914	7
NA	1888	1977	7
NA	1780	1857	7
NA	1872	1940	7
NA	1917	1995	7
NA	1858	1930	7
NA	1915	1976	7
NA	1774	1837	7
NA	1884	1945	7
NA	1876	1955	7
NA	1909	1989	7
NA	1866	1950	7
NA	1782	1865	7
NA	1906	1985	7
NA	1872	1941	7
NA	1865	1960	7
NA	1860	1949	7
NA	1905	1990	7
NA	1907	1967	7
NA	1881	1962	7
NA	1877	1958	7
NA	1912	1998	7
NA	1609	1663	7
NA	1863	1929	7
NA	1885	1953	7
NA	1790	1855	7
NA	1652	1713	7
1892	NA	NA	7
NA	1732	1823	7
NA	1725	1796	7
NA	1907	1977	7
NA	1806	1873	7
NA	1718	1796	7
NA	1724	1790	7
NA	1875	1968	7
NA	1873	1951	7
NA	1779	1844	7
NA	1770	1847	7
NA	1885	1984	7
NA	1872	1954	7
NA	1893	1968	7
NA	1851	1935	7
NA	1862	1930	7
NA	1858	1943	7
NA	1901	1992	7
NA	1915	2002	7
NA	1872	1946	7
NA	1903	1980	7
NA	1907	1986	7
NA	1904	1991	7
NA	1909	2000	7
NA	1881	1969	7
NA	1770	1836	7
NA	1873	1952	7
NA	1905	1991	7
NA	1882	1943	7
NA	1909	1983	7
NA	1869	1952	7
NA	1887	1953	7
NA	1909	1998	7
NA	1895	1980	7
NA	1859	1919	7
NA	1873	1963	7
NA	1896	1985	7
NA	1901	1993	7
NA	1899	1984	7
NA	1794	1878	7
NA	1682	1718	7
NA	1913	1992	7
NA	1796	1875	7
NA	1854	1935	7
NA	1910	1949	7
NA	1897	1980	7
NA	1862	1951	7
NA	1917	1990	7
NA	1911	1999	7
NA	1832	1883	7
NA	1893	1990	7
NA	1889	1949	7
NA	1870	1949	7
NA	1753	1807	7
NA	1915	2001	7
NA	1867	1945	7
NA	1849	1902	7
NA	1893	1981	7
NA	1893	1944	7
NA	1906	2006	7
NA	1884	1985	7
NA	1909	2008	7
NA	1884	1968	7
NA	1876	1964	7
NA	1910	1997	7
NA	1774	1848	7
1627	NA	NA	7
NA	1648	1715	7
NA	1688	1776	7
NA	1884	1963	7
NA	1899	1998	7
NA	1891	1942	7
NA	1902	1975	7
NA	1911	1983	7
NA	1784	1864	7
NA	1792	1865	7
NA	1670	1725	7
NA	1706	1764	7
NA	1790	1833	7
NA	1702	1751	7
NA	1799	1878	7
NA	1763	1815	7
NA	1768	1796	7
NA	1778	1810	7
NA	1721	1772	7
NA	1778	1853	7
NA	1752	1826	7
NA	1725	1782	7
NA	1756	1827	7
NA	1741	1803	7
NA	1752	1828	7
NA	1698	1766	7
NA	1751	1827	7
NA	1720	1784	7
NA	1774	1834	7
NA	1776	1854	7
NA	1767	1806	7
NA	1893	1975	7
NA	1909	2004	7
NA	1718	1763	6
NA	1908	1986	6
NA	1812	1886	6
NA	1901	1981	6
NA	1884	1939	6
NA	1891	1976	6
NA	1854	1914	6
NA	1851	1923	6
NA	1869	1953	6
NA	1897	1978	6
NA	1895	1971	6
NA	1868	1943	6
NA	1877	1960	6
NA	1885	1968	6
1866	NA	NA	6
NA	1910	1989	6
NA	1891	1957	6
NA	1899	1979	6
NA	1864	1938	6
NA	1865	1949	6
NA	1844	1936	6
NA	1762	1836	6
NA	1872	1949	6
NA	1880	1949	6
NA	1867	1921	6
NA	1859	1953	6
NA	1887	1972	6
NA	1884	1972	6
NA	1903	1989	6
NA	1898	1989	6
NA	1896	1970	6
NA	1876	1937	6
NA	1822	1902	6
NA	1880	1954	6
NA	1890	1954	6
NA	1823	1883	6
NA	1851	1934	6
NA	1807	1881	6
NA	1805	1889	6
NA	1674	1743	6
1885	NA	NA	6
NA	1852	1923	6
NA	1788	1824	6
NA	1891	1958	6
NA	1781	1861	6
NA	1901	1984	6
NA	1894	1992	6
NA	1919	1985	6
NA	1863	1964	6
NA	1912	1991	6
NA	1581	1646	6
NA	1900	1975	6
NA	1823	1887	6
NA	1854	1892	6
NA	1781	1841	6
NA	1839	1907	6
NA	1871	1943	6
NA	1882	1939	6
NA	1848	1906	6
NA	1867	1933	6
NA	1795	1875	6
NA	1884	1967	6
NA	1905	1972	6
NA	1869	1945	6
NA	1851	1926	6
NA	1865	1935	6
NA	1866	1942	6
NA	1910	1965	6
NA	1901	1991	6
NA	1902	1976	6
NA	1885	1933	6
NA	1778	1840	6
NA	1847	1923	6
NA	1877	1974	6
NA	1886	1947	6
NA	1868	1933	6
NA	1793	1866	6
NA	1901	1967	6
NA	1899	1956	6
NA	1788	1870	6
NA	1880	1975	6
NA	1589	1672	6
1701	NA	NA	6
NA	1859	1929	6
NA	1796	1868	6
NA	1884	1969	6
NA	1919	1991	6
NA	1873	1967	6
NA	1886	1974	6
NA	1857	1932	6
NA	1818	1883	6
NA	1852	1913	6
NA	1863	1957	6
NA	1724	1792	6
NA	1715	1786	6
NA	1748	1809	6
NA	1722	1789	6
NA	1724	1799	6
NA	1694	1777	6
NA	1684	1758	6
NA	1890	1941	6
NA	1882	1945	6
NA	1880	1948	6
NA	1900	1991	6
1887	NA	NA	6
NA	1838	1907	6
NA	1848	1924	6
NA	1762	1816	6
NA	1887	1981	6
NA	1780	1851	6
NA	1892	1966	6
NA	1857	1938	6
NA	1852	1930	6
NA	1906	2001	6
NA	1878	1951	6
NA	1866	1927	6
NA	1863	1940	6
NA	1845	1915	6
NA	1833	1921	6
NA	1880	1959	6
NA	1861	1933	6
NA	1876	1936	6
NA	1909	1995	6
NA	1886	1956	6
NA	1887	1971	6
NA	1901	1990	6
NA	1886	1946	6
NA	1813	1901	6
NA	1886	1930	6
NA	1880	1955	6
NA	1907	1991	6
NA	1890	1957	6
NA	1900	1979	6
NA	1872	1948	6
NA	1770	1843	6
NA	1785	1859	6
NA	1896	1962	6
NA	1898	1966	6
NA	1898	1972	6
NA	1874	1923	6
NA	1872	1950	6
NA	1826	1872	6
NA	1880	1972	6
NA	1880	1957	6
NA	1910	1990	6
NA	1888	1966	6
NA	1858	1919	6
NA	1841	1924	6
NA	1774	1845	6
NA	1493	1552	6
NA	1851	1940	6
NA	1889	1976	6
NA	1764	1825	6
NA	1843	1921	6
NA	1898	1991	6
NA	1877	1948	6
NA	1856	1918	6
NA	1904	1985	6
NA	1917	1998	6
NA	1860	1946	6
NA	1726	1802	6
NA	1897	1994	6
NA	1886	1967	6
NA	1857	1924	6
NA	1802	1864	6
NA	1797	1852	6
NA	1828	1908	6
NA	1594	1632	6
NA	1869	1929	6
NA	1699	1771	6
NA	1853	1933	6
NA	1850	1931	6
NA	1785	1855	6
NA	1783	1844	6
NA	1902	1943	6
NA	1897	1971	6
1757	NA	NA	6
NA	1913	2002	6
NA	1740	1794	6
NA	1735	1813	6
NA	1767	1817	6
1700	NA	NA	6
1633	NA	NA	6
NA	1620	1690	6
NA	1623	1667	6
NA	1559	1630	6
1653	NA	NA	6
NA	1918	2001	6
NA	1882	1980	6
NA	1880	1944	6
NA	1870	1936	6
NA	1760	1836	6
NA	1755	1800	6
NA	1785	1847	6
NA	1720	1780	6
NA	1771	1806	6
NA	-1761	-1761	6
NA	1759	1833	6
NA	1758	1797	6
NA	1703	1769	6
NA	1721	1779	6
NA	1794	1828	6
NA	1688	1725	6
NA	1756	1804	6
NA	1713	1779	6
NA	1753	1821	6
NA	1746	1819	6
NA	-1741	-1741	6
NA	1777	1820	6
NA	1784	1844	6
NA	1707	1770	6
NA	1797	1871	6
NA	1703	1749	6
NA	1852	1949	6
NA	1889	1987	6
NA	1890	1958	6
NA	1916	1988	6
NA	1924	2008	6
NA	1905	1988	6
NA	1804	1889	5
NA	1828	1893	5
NA	1908	1972	5
NA	1855	1906	5
NA	1807	1886	5
NA	1854	1934	5
NA	1818	1877	5
NA	1883	1970	5
NA	1510	1557	5
NA	1885	1948	5
NA	1827	1903	5
NA	1902	2002	5
NA	1877	1943	5
NA	1887	1965	5
NA	1880	1962	5
NA	1860	1941	5
NA	1828	1906	5
NA	1890	1980	5
NA	1854	1909	5
NA	1850	1926	5
NA	1832	1903	5
NA	1866	1929	5
NA	1880	1942	5
NA	1853	1927	5
NA	1854	1928	5
NA	1904	1961	5
NA	1875	1947	5
NA	1817	1901	5
NA	1860	1939	5
NA	1805	1877	5
NA	1861	1946	5
NA	1886	1937	5
NA	1899	1987	5
NA	1919	2013	5
NA	1833	1910	5
NA	1844	1923	5
NA	1867	1943	5
NA	1875	1925	5
NA	1872	1951	5
NA	1811	1893	5
NA	1878	1957	5
NA	1841	1903	5
NA	1884	1935	5
NA	1864	1922	5
NA	1863	1925	5
NA	1868	1941	5
NA	1787	1861	5
NA	1779	1850	5
NA	1909	1957	5
NA	1793	1874	5
NA	1854	1942	5
NA	1844	1935	5
NA	1782	1846	5
NA	1871	1951	5
NA	1789	1877	5
NA	1869	1948	5
NA	1750	1827	5
NA	1906	1967	5
NA	1869	1951	5
NA	1826	1897	5
NA	1822	1912	5
NA	1825	1893	5
NA	1863	1926	5
NA	1916	1986	5
NA	1906	1994	5
NA	1897	1955	5
NA	1875	1943	5
NA	1929	2000	5
NA	1833	1908	5
NA	1795	1870	5
NA	1889	1984	5
NA	1915	1977	5
NA	1899	1960	5
NA	1817	1903	5
NA	1844	1901	5
NA	1848	1933	5
NA	1895	1979	5
NA	1861	1935	5
NA	1906	1974	5
NA	1891	1941	5
NA	1856	1945	5
NA	1853	1902	5
NA	1890	1973	5
NA	1843	1916	5
NA	1764	1834	5
NA	1865	1931	5
NA	1873	1948	5
NA	1878	1933	5
NA	1913	1990	5
NA	1770	1815	5
NA	1911	1990	5
NA	1892	1984	5
NA	1866	1956	5
NA	1919	2000	5
NA	1871	1939	5
NA	1795	1888	5
NA	1912	1979	5
NA	1791	1862	5
NA	1834	1917	5
NA	1785	1865	5
NA	1717	1793	5
NA	1912	1957	5
NA	1909	1986	5
NA	1889	1954	5
NA	1894	1982	5
NA	1625	1703	5
NA	1672	1737	5
NA	1637	1706	5
1896	NA	NA	5
NA	1880	1947	5
NA	1883	1943	5
NA	1781	1851	5
NA	1777	1825	5
NA	1891	1980	5
NA	1858	1923	5
NA	1768	1859	5
NA	1878	1949	5
NA	1884	1979	5
NA	1849	1907	5
NA	1806	1887	5
NA	1877	1961	5
NA	1846	1921	5
NA	1717	1778	5
NA	1716	1790	5
NA	1782	1857	5
NA	1713	1798	5
NA	1714	1786	5
NA	1684	1762	5
NA	1870	1955	5
NA	1817	1908	5
NA	1882	1962	5
NA	1868	1946	5
NA	1918	2002	5
NA	1865	1957	5
1806	NA	NA	5
NA	1908	1980	5
NA	1913	2010	5
NA	1908	1979	5
NA	1865	1944	5
NA	1613	1679	5
NA	1875	1944	5
NA	1865	1941	5
NA	1772	1839	5
NA	1900	1983	5
NA	1906	1976	5
NA	1857	1920	5
NA	1896	1937	5
NA	1897	1985	5
NA	1866	1961	5
NA	1885	1945	5
NA	1896	1978	5
NA	1891	1965	5
NA	1853	1918	5
NA	1887	1964	5
NA	1871	1914	5
NA	1881	1934	5
NA	1918	1995	5
NA	1871	1960	5
NA	1906	1987	5
NA	1907	1965	5
NA	1880	1933	5
NA	1901	1971	5
NA	1885	1970	5
NA	1882	1955	5
NA	1888	1971	5
NA	1900	1968	5
NA	1881	1941	5
NA	1867	1939	5
NA	1888	1963	5
NA	1893	1979	5
NA	1713	1792	5
NA	1792	1857	5
NA	1878	1959	5
NA	1783	1849	5
NA	1904	1989	5
NA	1894	1981	5
1899	NA	NA	5
NA	1868	1942	5
NA	1866	1955	5
NA	1816	1889	5
NA	1893	1988	5
NA	1889	1979	5
NA	1816	1868	5
NA	1867	1947	5
NA	1848	1923	5
NA	1789	1851	5
NA	1773	1857	5
NA	1889	1945	5
NA	1862	1929	5
NA	1855	1942	5
NA	1863	1934	5
NA	1887	1968	5
NA	1739	1804	5
NA	1889	1975	5
NA	1902	1992	5
NA	1859	1943	5
NA	1886	1966	5
NA	1565	1646	5
NA	1879	1969	5
NA	1874	1941	5
NA	1875	1970	5
NA	1883	1966	5
NA	1894	1950	5
NA	1882	1959	5
NA	1645	1714	5
NA	1883	1964	5
NA	1885	1969	5
NA	1886	1962	5
NA	1841	1928	5
NA	1846	1918	5
NA	1885	1960	5
NA	1897	1982	5
NA	1882	1966	5
NA	1876	1942	5
NA	1894	1976	5
NA	1907	1975	5
NA	1905	1993	5
NA	1905	1977	5
NA	1892	1964	5
NA	1854	1939	5
NA	1900	1994	5
NA	1896	1966	5
NA	1882	1951	5
NA	1919	2003	5
NA	1880	1970	5
NA	1821	1885	5
NA	1910	1975	5
NA	1749	1812	5
NA	1853	1935	5
NA	1891	1932	5
NA	1707	1780	5
NA	1862	1934	5
NA	1898	1974	5
NA	1758	1828	5
NA	1588	1671	5
NA	1731	1791	5
NA	1769	1824	5
NA	1792	1864	5
NA	1896	1992	5
NA	1893	1985	5
NA	1721	1778	5
NA	1875	1958	5
NA	1780	1845	5
NA	1598	1676	5
1695	NA	NA	5
NA	1611	1672	5
NA	1593	1670	5
NA	1616	1644	5
NA	1629	1693	5
NA	-1715	-1715	5
NA	1643	1694	5
NA	1643	1715	5
NA	1717	1789	5
NA	1903	1960	5
NA	1887	1958	5
NA	1887	1966	5
NA	1883	1940	5
NA	1863	1950	5
NA	1872	1952	5
NA	1854	1926	5
NA	1842	1910	5
NA	1706	1750	5
NA	1764	1823	5
NA	1744	1838	5
NA	1758	1808	5
NA	1705	1768	5
NA	1792	1834	5
NA	1766	1813	5
NA	1669	1722	5
NA	1731	1806	5
NA	1695	1761	5
NA	1727	1786	5
NA	1707	1742	5
NA	1776	1830	5
NA	1744	1771	5
NA	1670	1746	5
NA	1783	1852	5
NA	1762	1827	5
NA	1722	1774	5
NA	1751	1833	5
NA	1726	1792	5
NA	1718	1783	5
NA	1777	1838	5
NA	1788	1816	5
NA	1769	1810	5
NA	1775	1808	5
NA	1796	1829	5
NA	1783	1866	5
NA	1794	1830	5
NA	1709	1785	5
NA	1753	1796	5
NA	1737	1805	5
NA	1673	1729	5
NA	1906	1973	5
NA	1880	1956	5
NA	1921	1996	5
NA	1904	1959	5
NA	1883	1946	5
NA	1813	1861	4
NA	1899	1985	4
NA	1785	1844	4
NA	1803	1872	4
NA	1892	1972	4
NA	1890	1939	4
NA	1901	1978	4
NA	1784	1834	4
NA	1904	1975	4
NA	1892	1951	4
1863	NA	NA	4
NA	1876	1958	4
NA	1859	1945	4
NA	1848	1928	4
NA	1872	1937	4
NA	1841	1922	4
NA	1783	1859	4
NA	1915	1994	4
NA	1898	1960	4
NA	1887	1950	4
NA	1862	1914	4
1875	NA	NA	4
NA	1816	1901	4
NA	1802	1870	4
NA	1871	1945	4
NA	1877	1966	4
NA	1845	1910	4
NA	1818	1889	4
NA	1814	1885	4
NA	1896	1987	4
NA	1901	1976	4
NA	1881	1951	4
NA	1864	1937	4
NA	1886	1951	4
NA	1834	1906	4
NA	1862	1944	4
1847	NA	NA	4
NA	1812	1905	4
NA	1830	1904	4
1900	NA	NA	4
NA	1894	1980	4
NA	1890	1974	4
NA	1895	1961	4
NA	1867	1914	4
NA	1877	1959	4
NA	1794	1838	4
NA	1744	1829	4
NA	1908	1985	4
NA	1817	1893	4
NA	1743	1788	4
NA	1718	1753	4
NA	1871	1958	4
NA	1821	1891	4
NA	1804	1863	4
NA	1772	1844	4
NA	1843	1904	4
1855	NA	NA	4
NA	1744	1811	4
NA	1821	1895	4
NA	1845	1929	4
1867	NA	NA	4
NA	1707	1755	4
NA	1835	1911	4
NA	1825	1874	4
NA	1843	1907	4
NA	1848	1934	4
NA	1834	1910	4
NA	1744	1803	4
NA	1862	1953	4
NA	1871	1946	4
NA	1858	1927	4
NA	1788	1844	4
NA	1756	1813	4
NA	1898	1996	4
NA	1846	1933	4
NA	1811	1896	4
NA	1815	1889	4
NA	1908	1987	4
NA	1787	1865	4
NA	1795	1865	4
NA	1861	1895	4
NA	1912	1995	4
NA	1843	1927	4
NA	1825	1912	4
NA	1921	1995	4
NA	1564	1616	4
1789	NA	NA	4
NA	1883	1931	4
NA	1809	1889	4
1944	NA	NA	4
NA	1841	1929	4
NA	1848	1927	4
NA	1809	1854	4
NA	1879	1947	4
NA	1903	1969	4
NA	1910	2001	4
NA	1813	1889	4
NA	1922	2002	4
NA	1846	1916	4
NA	1889	1983	4
NA	1790	1878	4
NA	1909	1994	4
NA	1869	1955	4
NA	1776	1853	4
NA	1906	1965	4
NA	1921	2000	4
NA	1910	2008	4
NA	1928	1976	4
NA	1806	1881	4
NA	1845	1896	4
NA	1815	1897	4
NA	1905	1989	4
NA	1893	1957	4
NA	1913	2008	4
NA	1860	1911	4
1870	NA	NA	4
NA	1881	1946	4
NA	1891	1938	4
NA	1801	1878	4
NA	1623	1685	4
1906	NA	NA	4
NA	1903	1998	4
NA	1668	1719	4
NA	1844	1885	4
NA	1757	1824	4
NA	1892	1956	4
NA	1891	1975	4
NA	1853	1908	4
NA	1739	1818	4
NA	1912	1982	4
NA	1669	1759	4
NA	1776	1837	4
NA	1773	1838	4
NA	1759	1818	4
NA	1751	1826	4
NA	1759	1829	4
NA	1693	1750	4
NA	1838	1919	4
NA	1718	1780	4
NA	1893	1971	4
NA	1881	1950	4
NA	1899	1981	4
NA	1691	1743	4
1811	NA	NA	4
NA	1924	1999	4
NA	1651	1710	4
NA	1889	1962	4
NA	1928	2007	4
NA	1853	1936	4
NA	1858	1937	4
NA	1824	1884	4
NA	1874	1962	4
NA	1872	1955	4
NA	1878	1972	4
NA	1895	1959	4
NA	1910	1986	4
NA	1909	2005	4
NA	1826	1869	4
NA	1865	1928	4
NA	1881	1957	4
NA	1694	1778	4
NA	1827	1913	4
NA	1882	1961	4
NA	1916	1993	4
NA	1845	1913	4
NA	1829	1888	4
NA	1877	1939	4
NA	1859	1913	4
NA	1868	1932	4
NA	1759	1840	4
NA	1853	1932	4
NA	1875	1928	4
NA	1838	1909	4
NA	1745	1782	4
NA	1732	1811	4
NA	1844	1910	4
NA	1838	1917	4
NA	1901	1963	4
NA	1836	1916	4
NA	1903	1978	4
1945	NA	NA	4
NA	1808	1891	4
NA	1845	1931	4
NA	1752	1831	4
NA	1839	1904	4
NA	1815	1875	4
NA	1839	1931	4
NA	1885	1965	4
NA	1693	1759	4
NA	1819	1886	4
NA	1808	1881	4
NA	1875	1965	4
NA	1893	1966	4
NA	1873	1965	4
NA	1843	1926	4
NA	1873	1947	4
NA	1875	1956	4
NA	1922	2007	4
NA	1862	1928	4
NA	1881	1952	4
NA	1914	2001	4
NA	1897	1963	4
NA	1871	1947	4
NA	1554	1630	4
NA	1881	1953	4
1894	NA	NA	4
NA	1896	1969	4
NA	1896	1977	4
NA	1865	1953	4
NA	1881	1956	4
NA	1876	1965	4
NA	1846	1926	4
NA	1867	1932	4
1791	NA	NA	4
NA	1794	1866	4
NA	1894	1983	4
NA	1888	1982	4
NA	1874	1940	4
NA	1863	1911	4
NA	1891	1934	4
NA	1869	1936	4
NA	1880	1963	4
NA	1892	1983	4
1858	NA	NA	4
NA	1819	1900	4
NA	1848	1921	4
NA	1890	1945	4
NA	1919	1972	4
NA	1908	1965	4
NA	1807	1883	4
NA	1759	1815	4
NA	1877	1819	4
NA	1911	2001	4
NA	1851	1919	4
NA	1901	1965	4
NA	1727	1815	4
NA	1863	1931	4
NA	1660	1740	4
NA	1752	1824	4
NA	1677	1761	4
NA	1856	1936	4
NA	1846	1930	4
NA	1868	1947	4
NA	1862	1932	4
NA	1874	1959	4
NA	1727	1805	4
NA	1892	1963	4
NA	1888	1943	4
NA	1857	1943	4
NA	1879	1939	4
NA	1798	1876	4
NA	1900	1962	4
NA	1810	1863	4
NA	1648	1717	4
NA	1900	1989	4
NA	1912	1999	4
NA	1912	2001	4
NA	1876	1953	4
NA	1655	1727	4
NA	1824	1883	4
NA	1870	1953	4
NA	1752	1815	4
NA	1886	1981	4
NA	1892	1970	4
NA	1898	1984	4
NA	1864	1939	4
NA	1871	1948	4
NA	1848	1914	4
NA	1814	1864	4
NA	1882	1973	4
NA	1763	1824	4
NA	1907	1980	4
NA	1923	2005	4
NA	1908	1990	4
NA	1862	1931	4
NA	1900	1981	4
NA	1881	1970	4
NA	1900	1965	4
NA	1726	1787	4
NA	1867	1951	4
NA	1813	1899	4
NA	1881	1959	4
NA	1732	1802	4
NA	1828	1883	4
1624	NA	NA	4
NA	1896	1983	4
NA	1906	1993	4
NA	1870	1929	4
NA	1901	1985	4
NA	1887	1969	4
NA	1909	1990	4
NA	1723	1787	4
NA	1856	1938	4
NA	1881	1963	4
NA	1844	1920	4
NA	1878	1965	4
NA	1895	1977	4
NA	1862	1937	4
NA	1732	1809	4
NA	1870	1942	4
NA	1899	1992	4
NA	1857	1926	4
NA	1748	1828	4
NA	1728	1790	4
NA	1872	1962	4
NA	1724	1802	4
NA	1880	1973	4
NA	1860	1948	4
NA	1712	1786	4
NA	1877	1942	4
NA	1871	1950	4
NA	1751	1810	4
NA	1795	1881	4
NA	1869	1937	4
NA	1789	1844	4
NA	1862	1950	4
NA	1870	1961	4
NA	1908	2000	4
NA	1788	1859	4
NA	1790	1862	4
NA	1830	1907	4
NA	1852	1914	4
NA	1857	1940	4
NA	1900	1990	4
NA	1897	1972	4
NA	1910	2000	4
NA	1905	1983	4
NA	1911	1984	4
NA	1861	1934	4
NA	1830	1870	4
NA	1907	2003	4
NA	1898	1968	4
NA	1727	1796	4
NA	1865	1943	4
NA	1745	1818	4
NA	1886	1970	4
NA	1794	1846	4
NA	1876	1956	4
NA	1872	1935	4
NA	1735	1781	4
NA	1700	1776	4
NA	1916	1973	4
NA	1747	1795	4
NA	1874	1943	4
NA	1847	1941	4
NA	1593	1681	4
1677	NA	NA	4
NA	1575	1655	4
1655	NA	NA	4
NA	1633	1694	4
NA	1618	1682	4
NA	1625	1701	4
NA	1608	1660	4
NA	1633	1676	4
NA	1589	1664	4
NA	1545	1604	4
NA	1868	1957	4
NA	1852	1924	4
NA	1907	1990	4
NA	1881	1937	4
1860	NA	NA	4
NA	1661	1731	4
NA	1819	1881	4
NA	1793	1870	4
NA	1699	1767	4
NA	1704	1766	4
NA	1714	1762	4
NA	1730	1802	4
NA	1789	1849	4
NA	1750	1830	4
NA	1736	1801	4
NA	1783	1822	4
NA	1794	1860	4
NA	1740	1824	4
NA	1694	1758	4
NA	1681	1734	4
NA	1727	1778	4
NA	1753	1833	4
NA	1779	1809	4
NA	1759	1814	4
NA	1730	1773	4
NA	1765	1820	4
NA	1785	1867	4
NA	1727	1799	4
NA	1777	1815	4
NA	1761	1831	4
NA	1728	1765	4
NA	1713	1764	4
NA	1730	1793	4
NA	1721	1814	4
NA	1785	1840	4
NA	1677	1738	4
NA	1705	1777	4
NA	1798	1864	4
NA	1788	1837	4
NA	1764	1841	4
NA	1772	1858	4
NA	1777	1828	4
NA	1711	1776	4
NA	1733	1807	4
NA	1801	1860	4
NA	-1743	-1743	4
NA	1720	1771	4
NA	1774	1833	4
NA	1759	1824	4
NA	1671	1756	4
NA	1707	1787	4
NA	1726	1808	4
NA	1724	1776	4
NA	1727	1795	4
NA	1752	1813	4
NA	1895	1972	4
NA	1914	1995	4
NA	1917	2009	4
NA	1843	1924	4
NA	1871	1955	4
NA	1887	1947	4
NA	1916	2005	4
NA	1920	1989	4
1888	NA	NA	4
NA	1890	1956	4
NA	1930	1982	4
NA	1917	1989	4
NA	1913	2004	4
NA	1900	1957	4
NA	1905	1979	4
NA	1909	1996	4
NA	1899	1954	4
NA	1904	1990	4
NA	1906	1986	4
NA	1902	1977	4
NA	1902	1946	4
NA	1889	1957	4
NA	1893	1960	4
NA	1910	1963	4
NA	1889	1970	4
NA	1883	1917	4
NA	1850	1939	4
NA	1925	1977	4
NA	1759	1805	3
NA	1776	1847	3
NA	1808	1879	3
NA	1831	1918	3
NA	1861	1927	3
NA	1812	1880	3
NA	1908	1997	3
NA	1914	1980	3
NA	1811	1868	3
NA	1897	1968	3
NA	1887	1975	3
NA	1873	1938	3
NA	1855	1928	3
NA	1859	1947	3
NA	1869	1923	3
NA	1876	1935	3
NA	1871	1936	3
NA	1858	1900	3
NA	1915	1999	3
NA	1904	1963	3
NA	1867	1964	3
NA	1886	1963	3
NA	1905	1997	3
NA	1880	1943	3
NA	1831	1908	3
NA	1844	1894	3
NA	1908	1993	3
NA	1850	1920	3
NA	1891	1968	3
NA	1854	1913	3
NA	1917	1992	3
NA	1891	1945	3
NA	1887	1959	3
NA	1869	1925	3
NA	1871	1935	3
NA	1883	1929	3
NA	1879	1950	3
NA	1871	1937	3
NA	1893	1951	3
1897	NA	NA	3
1898	NA	NA	3
NA	1888	1978	3
NA	1643	1677	3
NA	1837	1915	3
NA	1909	1978	3
NA	1842	1893	3
NA	1901	1964	3
NA	1879	1956	3
NA	1677	1733	3
NA	1879	1954	3
NA	1855	1922	3
NA	1808	1858	3
NA	1729	1807	3
NA	1763	1832	3
NA	1782	1859	3
NA	1884	1949	3
NA	1916	1995	3
NA	1820	1910	3
NA	1904	1968	3
NA	1765	1853	3
NA	1743	1809	3
NA	1872	1942	3
NA	1914	2007	3
NA	1822	1867	3
NA	1820	1886	3
NA	1875	1935	3
NA	1877	1965	3
NA	1879	1922	3
NA	1915	1962	3
NA	1788	1821	3
NA	1850	1915	3
NA	1848	1925	3
NA	1822	1899	3
NA	1860	1938	3
NA	1764	1848	3
NA	1817	1879	3
NA	1835	1888	3
NA	1832	1910	3
NA	1881	1940	3
NA	1907	1948	3
NA	1875	1924	3
NA	1907	1982	3
NA	1776	1839	3
NA	1829	1910	3
NA	1910	2004	3
NA	1875	1930	3
NA	1849	1895	3
NA	1865	1927	3
NA	1862	1922	3
NA	1802	1871	3
NA	1857	1919	3
NA	1874	1819	3
NA	1819	1894	3
1822	NA	NA	3
NA	1892	1973	3
NA	1816	1895	3
NA	1544	1595	3
NA	1850	1891	3
NA	1754	1829	3
NA	1865	1933	3
NA	1844	1919	3
NA	1898	1990	3
NA	1707	1777	3
NA	1911	1998	3
NA	1895	1943	3
NA	1849	1892	3
NA	1792	1879	3
NA	1873	1939	3
NA	1884	1930	3
NA	1887	1978	3
NA	1867	1937	3
NA	1829	1852	3
NA	1831	1869	3
NA	1890	1963	3
NA	1805	1872	3
NA	1916	1985	3
NA	1891	1930	3
NA	-1757	-1757	3
NA	1840	1902	3
NA	1866	1930	3
NA	1775	1838	3
NA	1865	1910	3
NA	1793	1851	3
NA	1891	1979	3
NA	1843	1912	3
NA	1911	2006	3
NA	1903	1967	3
NA	1901	1972	3
NA	1884	1944	3
NA	1852	1906	3
NA	1834	1905	3
NA	1821	1867	3
NA	1903	1966	3
NA	1895	1953	3
NA	1577	1645	3
NA	1924	2014	3
NA	1889	1955	3
NA	1605	1677	3
NA	1654	1728	3
NA	1646	1723	3
NA	1664	1737	3
NA	1634	1715	3
1854	NA	NA	3
NA	1910	1984	3
NA	1823	1881	3
NA	1782	1871	3
NA	1766	1848	3
NA	1819	1880	3
NA	1869	1938	3
NA	1872	1944	3
NA	1906	1999	3
NA	1831	1913	3
NA	1879	1973	3
NA	1785	1857	3
NA	1749	1813	3
NA	1742	1811	3
NA	1777	1837	3
NA	1748	1818	3
NA	1741	1791	3
NA	1716	1781	3
NA	1710	1773	3
NA	1689	1763	3
NA	1698	1759	3
NA	1672	1750	3
NA	1894	1979	3
NA	1840	1919	3
NA	1850	1940	3
NA	1833	1913	3
NA	1709	1762	3
NA	1859	1923	3
NA	1699	1764	3
NA	1661	1741	3
NA	1912	1986	3
NA	1858	1931	3
NA	1915	2006	3
NA	1868	1925	3
NA	1847	1933	3
NA	1827	1905	3
NA	1857	1910	3
NA	1902	1989	3
NA	1846	1925	3
NA	1904	1973	3
NA	1924	1984	3
NA	1811	1887	3
NA	1741	1801	3
NA	1905	1999	3
NA	1877	1972	3
NA	1883	1947	3
NA	1873	1943	3
NA	1864	1948	3
NA	1872	1964	3
NA	1856	1907	3
NA	1902	1973	3
NA	1913	1980	3
NA	1830	1905	3
NA	1797	1878	3
NA	1819	1872	3
NA	1891	1970	3
NA	1907	1992	3
NA	1898	1954	3
NA	1727	1793	3
NA	1708	1795	3
NA	1738	1818	3
NA	1749	1809	3
NA	1890	1968	3
NA	1872	1947	3
NA	1843	1928	3
NA	1868	1938	3
NA	1799	1839	3
NA	1915	2011	3
NA	1906	2002	3
NA	1818	1872	3
NA	1823	1913	3
NA	1721	1798	3
NA	1914	2004	3
NA	1722	1790	3
NA	1887	1942	3
NA	1900	1980	3
NA	1779	1847	3
NA	1625	1683	3
NA	1928	2014	3
NA	1836	1904	3
NA	1861	1921	3
NA	1804	1876	3
NA	1716	1791	3
NA	1877	1954	3
NA	1920	2002	3
NA	1872	1932	3
NA	1913	1981	3
NA	1873	1944	3
1902	NA	NA	3
NA	1760	1792	3
NA	1766	1820	3
NA	1911	1988	3
NA	1911	1997	3
NA	1898	1980	3
NA	1810	1887	3
NA	1846	1908	3
NA	1884	1924	3
NA	1876	1963	3
NA	1883	1974	3
NA	1874	1949	3
NA	1823	1904	3
NA	1687	1759	3
NA	1926	1997	3
NA	1910	1979	3
NA	1770	1811	3
NA	1873	1929	3
NA	1902	1985	3
NA	1660	1707	3
NA	1886	1943	3
NA	1895	1984	3
NA	1888	1925	3
NA	1907	1993	3
NA	1722	1814	3
NA	1861	1931	3
NA	1779	1830	3
NA	1709	1758	3
NA	1886	1978	3
NA	1749	1817	3
NA	1876	1945	3
NA	1851	1932	3
NA	1826	1910	3
NA	1701	1777	3
NA	1871	1954	3
NA	1845	1909	3
NA	1848	1932	3
NA	1762	1821	3
NA	1773	1832	3
NA	1889	1980	3
NA	1907	1999	3
NA	1671	1738	3
NA	1838	1920	3
NA	1861	1949	3
NA	1858	1917	3
NA	1887	1967	3
NA	1894	1956	3
NA	1692	1775	3
NA	1843	1923	3
NA	1886	1965	3
NA	1873	1953	3
NA	1848	1931	3
NA	1900	1986	3
NA	1784	1845	3
NA	1878	1909	3
NA	1783	1848	3
NA	1685	1743	3
NA	1768	1810	3
NA	1738	1798	3
NA	1879	1949	3
NA	1859	1930	3
NA	1888	1962	3
NA	1894	1953	3
NA	1873	1950	3
NA	1766	1836	3
NA	1717	1792	3
NA	1878	1956	3
NA	1862	1921	3
NA	1821	1896	3
NA	1761	1840	3
NA	1725	1802	3
NA	1781	1844	3
NA	1869	1919	3
NA	1840	1903	3
NA	1887	1976	3
NA	1769	1844	3
NA	1757	1818	3
NA	1867	1955	3
NA	1801	1862	3
NA	1881	1973	3
NA	1867	1941	3
NA	1848	1941	3
NA	1787	1863	3
NA	1887	1957	3
NA	1875	1927	3
1859	NA	NA	3
NA	1802	1853	3
NA	1883	1976	3
NA	1897	1984	3
NA	1882	1862	3
NA	1868	1931	3
NA	1909	2001	3
NA	1877	1932	3
NA	1833	1896	3
NA	1892	1969	3
NA	1852	1901	3
NA	1912	1996	3
NA	1896	1984	3
NA	1809	1863	3
NA	1901	1954	3
NA	1896	1957	3
NA	1826	1899	3
NA	1763	1847	3
NA	1916	2008	3
NA	1882	1944	3
NA	1891	1983	3
NA	1901	1996	3
NA	1909	1997	3
NA	1879	1955	3
NA	1717	1779	3
NA	1919	1992	3
NA	1845	1925	3
NA	1889	1956	3
NA	1849	1927	3
NA	1902	1959	3
NA	1873	1936	3
NA	1899	1980	3
NA	1894	1960	3
NA	1767	1845	3
NA	1897	1957	3
NA	1847	1885	3
NA	1855	1907	3
NA	1813	1882	3
NA	1914	1968	3
1883	NA	NA	3
NA	1696	1772	3
NA	1818	1867	3
NA	1888	1953	3
NA	1891	1966	3
NA	1904	1969	3
NA	1754	1830	3
NA	1913	1973	3
NA	1908	1970	3
NA	1901	1966	3
NA	1760	1824	3
NA	1799	1876	3
NA	1912	2005	3
NA	1882	1964	3
NA	1870	1924	3
1927	NA	NA	3
NA	1902	1974	3
NA	1915	1983	3
NA	1732	1799	3
NA	1750	1819	3
NA	1721	1809	3
NA	1723	1803	3
NA	1893	1964	3
NA	1860	1934	3
NA	1870	1950	3
NA	1905	1965	3
NA	1773	1828	3
NA	1916	2004	3
NA	1897	1976	3
NA	1914	1983	3
NA	1861	1911	3
NA	1919	2010	3
NA	1903	1985	3
NA	1902	1964	3
NA	1889	1978	3
NA	1583	1645	3
NA	1798	1869	3
NA	1885	1964	3
NA	1787	1847	3
NA	1741	1790	3
NA	1750	1828	3
NA	1732	1816	3
NA	1676	1752	3
NA	1861	1916	3
NA	1716	1794	3
NA	1720	1787	3
NA	1907	1988	3
NA	1854	1938	3
NA	1807	1890	3
NA	1784	1865	3
NA	1844	1930	3
NA	1749	1822	3
NA	1835	1910	3
NA	1851	1924	3
NA	1818	1905	3
NA	1814	1886	3
NA	1847	1927	3
NA	1886	1954	3
NA	1832	1881	3
NA	1787	1828	3
NA	1752	1840	3
NA	1778	1837	3
NA	1886	1958	3
NA	1824	1900	3
NA	1745	1820	3
NA	1711	1755	3
NA	1733	1815	3
NA	1874	1955	3
NA	1783	1856	3
NA	1765	1814	3
NA	1764	1807	3
NA	1861	1922	3
NA	1785	1848	3
NA	1741	1807	3
NA	1786	1850	3
NA	1907	1971	3
NA	1885	1966	3
NA	1869	1934	3
NA	1918	2000	3
NA	1897	1986	3
NA	1833	1907	3
NA	1897	1991	3
NA	1882	1958	3
NA	1874	1957	3
NA	1868	1939	3
NA	1734	1798	3
NA	1868	1954	3
NA	1884	1962	3
1852	NA	NA	3
NA	1829	1904	3
NA	1753	1829	3
NA	1905	1969	3
NA	1884	1961	3
NA	1725	1766	3
NA	1859	1934	3
1588	NA	NA	3
NA	1785	1874	3
NA	1881	1964	3
NA	1841	1900	3
NA	1800	1876	3
NA	1789	1822	3
NA	1751	1795	3
NA	1851	1931	3
NA	1683	1747	3
NA	1904	1998	3
NA	1914	1996	3
NA	1789	1853	3
NA	1816	1865	3
NA	1526	1585	3
NA	1644	1691	3
NA	1651	1703	3
NA	1622	1686	3
1637	NA	NA	3
NA	1663	1729	3
1716	NA	NA	3
NA	1635	1679	3
NA	1575	1635	3
NA	1633	1707	3
1699	NA	NA	3
1610	NA	NA	3
NA	1640	1678	3
NA	1652	1726	3
NA	1647	1712	3
NA	1657	1729	3
NA	1660	1743	3
NA	1622	1689	3
1629	NA	NA	3
NA	1658	1709	3
NA	1659	1716	3
NA	1303	1373	3
NA	1605	1678	3
NA	1879	1944	3
NA	1670	1756	3
NA	1701	1757	3
NA	1813	1888	3
NA	1753	1837	3
NA	1811	1889	3
NA	1859	1941	3
NA	1765	1825	3
NA	1903	1988	3
NA	1842	1931	3
NA	1792	1876	3
NA	1903	1992	3
NA	1898	1976	3
NA	1899	1994	3
NA	1847	1924	3
NA	1848	1920	3
NA	1868	1921	3
NA	1844	1938	3
NA	1841	1910	3
NA	1845	1904	3
NA	1864	1929	3
NA	1693	1735	3
NA	1813	1863	3
NA	1857	1935	3
NA	1878	1946	3
NA	1853	1910	3
NA	1765	1841	3
NA	1871	1928	3
NA	1888	1920	3
NA	1753	1817	3
NA	1731	1770	3
NA	1739	1781	3
NA	1668	1741	3
NA	1748	1812	3
NA	1736	1785	3
NA	1260	1310	3
NA	1748	1834	3
NA	1729	1798	3
NA	1694	1759	3
NA	1741	1821	3
NA	1775	1850	3
NA	1720	1782	3
NA	1778	1827	3
NA	1781	1834	3
NA	1729	1799	3
NA	1737	1801	3
1778	NA	NA	3
NA	1689	1747	3
NA	1788	1841	3
NA	1739	1803	3
NA	1755	1820	3
NA	1726	1810	3
NA	1708	1763	3
NA	1678	1726	3
NA	1744	1830	3
NA	1798	1859	3
NA	1718	1773	3
NA	1757	1797	3
NA	1716	1783	3
NA	1792	1869	3
NA	1719	1780	3
NA	1735	1796	3
NA	-1793	-1793	3
NA	1765	1845	3
NA	1786	1810	3
NA	1749	1811	3
NA	1741	1827	3
NA	1738	1810	3
NA	-1738	-1738	3
NA	1680	1727	3
NA	1784	1858	3
NA	-1759	-1759	3
NA	1747	1821	3
NA	1679	1746	3
NA	1692	1767	3
NA	1719	1763	3
NA	1779	1837	3
NA	1784	1830	3
NA	1785	1862	3
NA	1728	1809	3
NA	1745	1810	3
NA	1762	1838	3
NA	1790	1866	3
NA	1760	1818	3
NA	1800	1858	3
NA	1784	1867	3
NA	1770	1852	3
NA	1768	1811	3
NA	1746	1808	3
NA	1776	1815	3
NA	1791	1867	3
NA	1796	1828	3
NA	1703	1767	3
NA	1749	1821	3
NA	1760	1829	3
NA	1769	1797	3
NA	1724	1795	3
NA	1719	1794	3
NA	1725	1787	3
NA	1774	1838	3
1784	NA	NA	3
NA	1732	1801	3
NA	1735	1806	3
NA	1696	1732	3
NA	1737	1820	3
NA	1776	1812	3
NA	1747	1807	3
NA	1787	1817	3
NA	1756	1792	3
NA	1907	1985	3
NA	1919	1994	3
NA	1864	1915	3
NA	1830	1910	3
NA	1885	1963	3
NA	1880	1932	3
NA	1888	1981	3
NA	1865	1936	3
NA	1893	1976	3
NA	1906	1968	3
NA	1902	1999	3
NA	1908	1967	3
NA	1888	1980	3
NA	1886	1936	3
NA	1899	1990	3
NA	1877	1945	3
NA	1815	1882	3
NA	1898	1978	3
NA	1915	2010	3
NA	1909	1993	3
NA	1886	1960	3
1905	NA	NA	3
NA	1921	1992	3
NA	1901	1970	3
NA	1914	1981	3
NA	1919	1996	3
NA	1920	1993	3
NA	1913	1964	3
NA	1895	1970	3
NA	1902	1987	3
NA	1883	1953	3
NA	1898	1977	3
NA	1886	1976	3
NA	1913	1999	3
NA	1918	2010	3
NA	1889	1960	3
NA	1892	1980	3
NA	1879	1977	3
NA	1863	1946	3
NA	1816	1891	3
NA	1870	1934	3
NA	1863	1909	3
NA	1863	1916	3
NA	1661	1751	2
NA	1802	1876	2
NA	1812	1876	2
NA	1863	1915	2
NA	1764	1838	2
NA	1903	1958	2
NA	1909	1970	2
NA	1756	1831	2
NA	1676	1731	2
NA	1707	1747	2
NA	1830	1863	2
NA	1875	1967	2
NA	1815	1867	2
NA	1921	2015	2
NA	1899	1996	2
NA	1905	1961	2
NA	1867	1924	2
NA	1834	1908	2
NA	1879	1948	2
NA	1890	1955	2
NA	1887	1973	2
NA	1906	1995	2
NA	1912	1977	2
NA	1920	1974	2
NA	1908	2009	2
NA	1871	1961	2
NA	1834	1903	2
NA	1870	1930	2
NA	1864	1912	2
NA	1802	1881	2
NA	1895	1981	2
NA	1869	1917	2
NA	1842	1902	2
NA	1856	1946	2
NA	1820	1914	2
NA	1867	1925	2
NA	1815	1908	2
NA	1828	1897	2
NA	1857	1949	2
NA	1906	1988	2
NA	1859	1933	2
NA	1900	1933	2
NA	1837	1911	2
NA	1904	1980	2
NA	1854	1910	2
NA	1864	1918	2
NA	1819	1861	2
NA	1706	1790	2
NA	1693	1751	2
NA	1692	1769	2
NA	1831	1915	2
1861	NA	NA	2
NA	1908	1992	2
NA	1898	1979	2
NA	1805	1879	2
NA	1750	1789	2
NA	1905	2003	2
NA	1747	1806	2
NA	1863	1963	2
NA	1845	1921	2
NA	1804	1870	2
NA	1719	1767	2
NA	1749	1819	2
NA	1845	1914	2
NA	1831	1900	2
NA	1840	1918	2
NA	1864	1935	2
NA	1547	1590	2
NA	1833	1903	2
NA	1763	1809	2
NA	1787	1860	2
NA	1820	1896	2
NA	1826	1896	2
NA	1810	1871	2
NA	1796	1863	2
NA	1737	1799	2
NA	1743	1821	2
NA	1894	1957	2
NA	1809	1877	2
NA	1894	1930	2
NA	1706	1788	2
NA	1897	1960	2
NA	1829	1913	2
NA	1813	1860	2
NA	1719	1789	2
NA	1702	1780	2
NA	1713	1741	2
NA	1810	1862	2
NA	1842	1915	2
NA	1876	1966	2
NA	1849	1934	2
NA	1860	1898	2
1868	NA	NA	2
NA	1862	1924	2
NA	1797	1858	2
NA	1904	1974	2
NA	1860	1900	2
1829	NA	NA	2
NA	1845	1928	2
NA	1796	1852	2
NA	1835	1884	2
NA	1800	1867	2
NA	1855	1929	2
1837	NA	NA	2
NA	1687	1750	2
NA	1720	1777	2
NA	1886	1944	2
NA	1787	1862	2
1820	NA	NA	2
NA	1825	1881	2
NA	1608	1674	2
NA	1860	1940	2
NA	1802	1878	2
NA	1923	1987	2
NA	1846	1941	2
NA	1757	1793	2
NA	1651	1715	2
NA	1863	1953	2
NA	1905	1998	2
NA	1784	1857	2
NA	1872	1961	2
NA	1917	2003	2
NA	1823	1908	2
NA	1850	1909	2
NA	1899	1978	2
NA	1850	1928	2
NA	1903	1995	2
NA	1866	1923	2
NA	1890	1951	2
NA	1847	1905	2
NA	1820	1881	2
1880	NA	NA	2
NA	1851	1909	2
NA	1860	1927	2
NA	1867	1901	2
NA	1866	1937	2
NA	1891	1943	2
NA	1844	1881	2
NA	1818	1896	2
NA	1863	1937	2
NA	1783	1853	2
NA	1846	1909	2
NA	1796	1855	2
NA	1921	2007	2
NA	1859	1920	2
NA	1846	1940	2
NA	1831	1914	2
NA	1852	1928	2
NA	1878	1935	2
NA	1919	1957	2
NA	1892	1819	2
NA	1818	1880	2
NA	1869	1926	2
NA	1871	1932	2
NA	1884	1955	2
NA	1770	1856	2
NA	1870	1931	2
NA	1863	1955	2
NA	1817	1896	2
NA	1804	1893	2
NA	1920	1995	2
NA	1855	1940	2
NA	1915	2005	2
NA	1857	1889	2
NA	1836	1906	2
NA	1915	1990	2
NA	1892	1936	2
NA	1919	1988	2
NA	1849	1941	2
NA	1884	1966	2
NA	1860	1932	2
NA	1817	1849	2
NA	1771	1832	2
NA	1825	1906	2
NA	1874	1948	2
NA	1766	1829	2
NA	1908	1956	2
NA	1903	1964	2
NA	1911	1995	2
NA	1920	2005	2
NA	1828	1911	2
NA	1921	1967	2
NA	1825	1866	2
NA	1828	1878	2
NA	1803	1865	2
NA	1852	1920	2
1813	NA	NA	2
NA	1822	1892	2
NA	1823	1905	2
NA	1821	1911	2
NA	1878	1970	2
NA	1605	1663	2
NA	1865	1923	2
NA	1620	1688	2
NA	1620	1686	2
NA	1649	1708	2
NA	1639	1705	2
NA	1639	1711	2
NA	1807	1859	2
NA	1716	1797	2
NA	1918	2009	2
1893	NA	NA	2
NA	1883	1942	2
NA	1812	1883	2
NA	1816	1880	2
NA	1858	1944	2
NA	1855	1941	2
NA	1806	1869	2
NA	1910	1971	2
NA	1883	1978	2
NA	1743	1801	2
NA	1863	1919	2
NA	1749	1831	2
NA	1828	1881	2
NA	1821	1882	2
NA	1721	1790	2
NA	1821	1909	2
NA	1792	1850	2
NA	1779	1827	2
NA	1758	1820	2
NA	1763	1818	2
NA	1755	1823	2
NA	1753	1828	2
NA	1740	1809	2
NA	1746	1810	2
NA	1743	1817	2
NA	1703	1790	2
NA	1712	1781	2
NA	1700	1770	2
NA	1694	1755	2
NA	1682	1744	2
NA	1669	1741	2
NA	1680	1737	2
NA	1877	1906	2
NA	1882	1924	2
NA	1812	1864	2
NA	1871	1933	2
NA	1929	2008	2
NA	1596	1650	2
NA	1818	1907	2
NA	1790	1842	2
1913	NA	NA	2
NA	1905	1981	2
NA	1909	1987	2
NA	1720	1791	2
NA	1814	1874	2
NA	1843	1932	2
NA	1879	1970	2
NA	1846	1907	2
NA	1809	1882	2
NA	1914	1998	2
NA	1806	1857	2
NA	1784	1850	2
NA	1867	1929	2
NA	1869	1947	2
NA	1897	1981	2
NA	1909	1963	2
NA	1931	1997	2
NA	1797	1870	2
NA	1878	1963	2
NA	1838	1924	2
NA	1886	1957	2
NA	1811	1879	2
NA	1782	1869	2
NA	1945	2012	2
NA	1885	1937	2
NA	1816	1885	2
NA	1886	1983	2
NA	1856	1933	2
1825	NA	NA	2
NA	1808	1845	2
NA	1846	1917	2
NA	1689	1728	2
NA	1679	1751	2
NA	1920	2014	2
NA	1821	1892	2
NA	1828	1905	2
NA	1867	1940	2
NA	1697	1783	2
NA	1874	1963	2
NA	1756	1785	2
NA	1742	1800	2
NA	1832	1906	2
NA	1679	1737	2
NA	1724	1793	2
1754	NA	NA	2
NA	1911	2000	2
NA	1879	1972	2
NA	1906	1948	2
NA	1924	1982	2
NA	1695	1770	2
NA	1888	1975	2
NA	1856	1926	2
NA	1807	1885	2
NA	1801	1871	2
1836	NA	NA	2
NA	1891	1961	2
NA	1877	1969	2
NA	1856	1909	2
NA	1900	1958	2
NA	1783	1857	2
NA	1667	1745	2
NA	1890	1977	2
NA	1771	1848	2
NA	1902	1971	2
NA	1798	1846	2
NA	1815	1902	2
NA	1811	1881	2
NA	1882	1972	2
NA	1882	1967	2
NA	1859	1952	2
NA	1882	1910	2
NA	1905	1973	2
NA	1855	1925	2
NA	1917	2004	2
NA	1906	1978	2
NA	1596	1675	2
NA	1915	1993	2
NA	1891	1956	2
NA	1807	1878	2
NA	1860	1929	2
NA	1911	1987	2
NA	1864	1950	2
NA	1860	1958	2
NA	1861	1942	2
1609	NA	NA	2
NA	1911	1989	2
NA	1892	1986	2
NA	1686	1750	2
NA	1870	1963	2
NA	1756	1791	2
NA	1883	1934	2
NA	1882	1920	2
NA	1919	1984	2
NA	1748	1817	2
NA	1874	1925	2
NA	1785	1856	2
NA	1900	1948	2
NA	1905	1952	2
NA	1801	1872	2
NA	1884	1918	2
NA	1870	1938	2
NA	1862	1925	2
NA	1816	1881	2
NA	1824	1875	2
NA	1812	1891	2
NA	1777	1843	2
NA	1908	1971	2
NA	1774	1855	2
NA	1829	1903	2
NA	1757	1825	2
NA	1727	1757	2
NA	1723	1771	2
NA	1710	1759	2
NA	1705	1770	2
1204	NA	NA	2
NA	1916	1982	2
NA	1916	1990	2
NA	1900	1992	2
NA	1884	1953	2
NA	1715	1756	2
NA	1893	1980	2
NA	1809	1879	2
NA	1816	1883	2
NA	1806	1876	2
NA	1796	1876	2
NA	1924	2002	2
NA	1855	1931	2
NA	1910	1987	2
NA	1760	1819	2
NA	1857	1934	2
NA	1724	1770	2
NA	1843	1917	2
NA	1730	1806	2
NA	1846	1927	2
NA	1865	1914	2
NA	1768	1820	2
NA	1809	1886	2
NA	1903	1970	2
NA	1906	1970	2
NA	1858	1941	2
NA	1880	1979	2
NA	1799	1852	2
NA	1879	1932	2
NA	1807	1874	2
NA	1719	1769	2
NA	1900	1984	2
NA	1901	1974	2
NA	1879	1940	2
NA	1786	1855	2
NA	1859	1924	2
NA	1789	1847	2
NA	1778	1856	2
NA	1890	1986	2
NA	1900	1959	2
NA	1791	1849	2
NA	1662	1746	2
NA	1655	1728	2
NA	1780	1855	2
NA	1878	1926	2
NA	1882	1934	2
NA	1890	1942	2
NA	1869	1935	2
NA	1740	1803	2
NA	1750	1825	2
NA	1775	1843	2
NA	1870	1954	2
NA	1716	1775	2
NA	1818	1894	2
NA	1785	1846	2
NA	1805	1881	2
NA	1913	2006	2
NA	1907	1987	2
NA	1895	1968	2
NA	1899	1991	2
NA	1902	1942	2
NA	1905	1975	2
NA	1791	1852	2
NA	1880	1960	2
NA	1835	1899	2
NA	1903	1983	2
NA	1888	1951	2
NA	1749	1818	2
NA	1819	1897	2
NA	1739	1819	2
NA	1717	1783	2
NA	1919	1995	2
NA	1916	1997	2
NA	1905	1984	2
NA	1911	1991	2
NA	1860	1922	2
NA	1856	1916	2
NA	1884	1958	2
NA	1901	1983	2
NA	1866	1952	2
NA	1903	1981	2
NA	1678	1752	2
NA	1840	1914	2
NA	1769	1821	2
NA	1855	1899	2
NA	1781	1858	2
NA	1800	1875	2
NA	1920	2003	2
NA	1919	1997	2
NA	1860	1915	2
NA	1866	1946	2
NA	1807	1870	2
NA	1869	1944	2
NA	1914	1991	2
NA	1802	1868	2
NA	1915	2012	2
NA	1748	1810	2
NA	1920	1946	2
NA	1718	1782	2
NA	1727	1797	2
NA	1730	1800	2
NA	1610	1684	2
NA	1870	1932	2
NA	1724	1798	2
NA	1826	1889	2
NA	1743	1796	2
NA	1893	1984	2
NA	1812	1896	2
NA	1855	1921	2
NA	1878	1967	2
NA	1880	1961	2
NA	1865	1942	2
NA	1898	1992	2
NA	1878	1932	2
NA	1753	1820	2
NA	1778	1806	2
NA	1894	1967	2
NA	1864	1944	2
NA	1901	1999	2
NA	1858	1946	2
NA	1856	1941	2
NA	1811	1857	2
NA	1881	1975	2
NA	1897	1948	2
NA	1885	1940	2
NA	1875	1953	2
NA	1861	1928	2
NA	1916	2002	2
NA	1910	1988	2
NA	1858	1921	2
NA	1801	1877	2
NA	1876	1916	2
NA	1892	1981	2
NA	1885	1956	2
NA	1562	1635	2
NA	1839	1911	2
NA	1854	1931	2
NA	1854	1918	2
NA	1848	1930	2
NA	1908	1978	2
NA	1827	1874	2
NA	1929	2014	2
NA	1766	1828	2
NA	1766	1845	2
NA	1812	1899	2
1891	NA	NA	2
NA	1770	1804	2
NA	1887	1954	2
NA	1840	1905	2
NA	1882	1974	2
NA	1895	1946	2
NA	1733	1804	2
NA	1654	1695	2
NA	1894	1962	2
NA	1814	1841	2
NA	1885	1930	2
NA	1838	1896	2
NA	1896	1981	2
NA	1892	1930	2
NA	1885	1972	2
NA	1902	1997	2
NA	1883	1952	2
NA	1725	1781	2
NA	1747	1784	2
NA	1733	1763	2
NA	1730	1792	2
NA	1719	1773	2
NA	1740	1832	2
NA	1628	1703	2
NA	1813	1845	2
NA	1741	1817	2
NA	1755	1792	2
NA	1866	1926	2
NA	1852	1946	2
NA	1865	1912	2
NA	1698	1765	2
NA	1712	1790	2
NA	1718	1797	2
NA	1866	1933	2
NA	1858	1925	2
NA	1827	1907	2
NA	1869	1942	2
NA	1895	1991	2
NA	1861	1956	2
NA	1863	1930	2
NA	1659	1735	2
NA	1741	1819	2
NA	1755	1805	2
NA	1756	1787	2
NA	1738	1803	2
NA	1885	1951	2
NA	1843	1922	2
NA	1898	1936	2
NA	1677	1730	2
NA	1877	1944	2
NA	1731	1772	2
NA	1737	1810	2
NA	1806	1864	2
NA	1746	1816	2
NA	1784	1870	2
NA	1813	1885	2
NA	1920	1991	2
NA	1898	1994	2
NA	1777	1852	2
NA	1898	1964	2
NA	1797	1849	2
NA	1744	1820	2
NA	1705	1781	2
NA	1815	1884	2
NA	1896	1971	2
NA	1861	1941	2
NA	1853	1924	2
NA	1875	1931	2
NA	1904	1999	2
NA	1883	1945	2
NA	1790	1849	2
NA	1867	1913	2
NA	1496	1560	2
NA	1709	1750	2
NA	1858	1933	2
NA	1767	1825	2
NA	1778	1818	2
NA	1899	1968	2
NA	1747	1800	2
NA	1895	1952	2
NA	1802	1891	2
NA	1889	1953	2
NA	1883	1969	2
NA	1750	1798	2
NA	1858	1938	2
NA	1795	1876	2
NA	1855	1900	2
NA	1758	1826	2
NA	1837	1927	2
NA	1834	1921	2
NA	1743	1790	2
NA	1774	1806	2
NA	1767	1835	2
NA	1763	1819	2
NA	1767	1804	2
NA	1768	1843	2
NA	1773	1823	2
NA	1850	1923	2
NA	1902	1988	2
NA	1751	1821	2
NA	1840	1923	2
NA	1738	1813	2
NA	1748	1831	2
NA	1917	2011	2
NA	1710	1749	2
NA	1908	1974	2
NA	1887	1977	2
NA	1891	1955	2
NA	1883	1948	2
NA	1699	1761	2
NA	1720	1783	2
NA	1714	1800	2
NA	1796	1873	2
NA	1885	1976	2
NA	1840	1892	2
NA	1736	1804	2
NA	1741	1800	2
NA	1745	1809	2
NA	1786	1872	2
NA	1708	1781	2
NA	1882	1940	2
NA	1914	2003	2
NA	1853	1926	2
NA	1820	1908	2
NA	1899	1965	2
NA	1909	1977	2
NA	1917	1996	2
NA	1881	1961	2
NA	1816	1899	2
NA	1809	1897	2
NA	1849	1935	2
NA	1875	1941	2
NA	1912	1988	2
NA	1888	1973	2
NA	1914	1987	2
NA	1920	2001	2
NA	1910	1977	2
NA	1811	1883	2
NA	1853	1921	2
NA	1890	1994	2
NA	1920	1996	2
NA	1896	1988	2
NA	1880	1969	2
NA	1729	1787	2
NA	1742	1821	2
NA	1722	1765	2
NA	1451	1506	2
NA	1788	1863	2
NA	1886	1961	2
NA	1838	1913	2
NA	1908	2007	2
NA	1787	1848	2
NA	1793	1868	2
NA	1832	1922	2
NA	1858	1932	2
NA	1865	1932	2
NA	1875	1961	2
NA	1722	1756	2
NA	1786	1849	2
NA	1695	1777	2
NA	1772	1851	2
NA	1860	1924	2
NA	1903	2005	2
NA	1748	1791	2
NA	1745	1808	2
NA	1749	1783	2
NA	1850	1932	2
NA	1861	1940	2
NA	1861	1925	2
NA	1696	1756	2
NA	1711	1774	2
NA	1733	1782	2
NA	1781	1827	2
NA	1842	1899	2
NA	1694	1737	2
NA	1841	1930	2
NA	1909	1967	2
NA	1914	2000	2
NA	1760	1843	2
NA	1583	1623	2
NA	1617	1691	2
NA	1516	1590	2
NA	1620	1673	2
NA	1590	1670	2
NA	1640	1699	2
NA	-1727	-1727	2
1680	NA	NA	2
NA	1640	1684	2
NA	1665	1735	2
1685	NA	NA	2
NA	1627	1679	2
NA	1469	1536	2
1705	NA	NA	2
NA	1630	1674	2
NA	1643	1697	2
NA	1583	1651	2
NA	1631	1684	2
NA	1612	1653	2
NA	1546	1625	2
NA	1661	1721	2
NA	1636	1713	2
1686	NA	NA	2
NA	1666	1747	2
NA	1598	1672	2
1632	NA	NA	2
NA	1643	1709	2
1579	NA	NA	2
NA	1497	1560	2
NA	1622	1683	2
1657	NA	NA	2
NA	1614	1687	2
NA	1515	1585	2
NA	1661	1709	2
1706	NA	NA	2
NA	1578	1641	2
NA	1634	1693	2
NA	1576	1650	2
1616	NA	NA	2
NA	1664	1709	2
NA	1632	1694	2
NA	1767	1841	2
NA	1840	1911	2
NA	1828	1913	2
NA	1583	1654	2
NA	1689	1742	2
NA	1845	1933	2
NA	1735	1794	2
1889	NA	NA	2
NA	1910	2003	2
NA	1800	1868	2
NA	1767	1838	2
NA	1854	1897	2
NA	1874	1950	2
NA	1911	1993	2
NA	1925	1998	2
NA	1758	1824	2
NA	1862	1923	2
NA	1889	1985	2
NA	1873	1957	2
NA	1684	1771	2
NA	1834	1907	2
NA	1897	1961	2
1895	NA	NA	2
NA	1906	1992	2
NA	1877	1929	2
NA	1874	1954	2
NA	1895	1988	2
NA	1909	1975	2
NA	1891	1971	2
NA	1916	1934	2
NA	1909	1972	2
NA	1886	1979	2
NA	1856	1922	2
NA	1901	1968	2
NA	1830	1908	2
NA	1893	1991	2
NA	1896	1965	2
NA	1880	1925	2
NA	1871	1949	2
NA	1841	1925	2
NA	1867	1954	2
NA	1886	1968	2
NA	1856	1939	2
NA	1838	1922	2
NA	1861	1909	2
NA	1828	1910	2
NA	1838	1911	2
NA	1860	1899	2
NA	1851	1927	2
NA	1830	1912	2
NA	1840	1920	2
NA	1845	1917	2
NA	1846	1902	2
NA	1834	1888	2
NA	1828	1922	2
NA	1868	1914	2
NA	1857	1941	2
NA	1866	1913	2
NA	1839	1912	2
NA	1885	1925	2
NA	1833	1886	2
1853	NA	NA	2
NA	1831	1890	2
NA	1815	1887	2
1827	NA	NA	2
NA	1881	1942	2
NA	1729	1812	2
NA	1697	1772	2
NA	1735	1790	2
NA	1712	1770	2
NA	1664	1726	2
NA	1727	1779	2
NA	1706	1780	2
NA	1739	1788	2
NA	1744	1834	2
NA	1779	1864	2
NA	1635	1705	2
NA	1734	1812	2
NA	1726	1788	2
NA	1758	1829	2
NA	1728	1776	2
NA	1775	1819	2
NA	1736	1770	2
NA	1768	1840	2
NA	1726	1807	2
NA	1724	1773	2
NA	1711	1744	2
NA	1719	1778	2
NA	1747	1825	2
NA	-1737	-1737	2
NA	1724	1765	2
NA	1679	1755	2
NA	1700	1784	2
NA	1748	1803	2
NA	1796	1830	2
NA	1743	1815	2
NA	1659	1740	2
NA	1729	1811	2
NA	1767	1821	2
NA	1760	1832	2
NA	1725	1785	2
NA	1723	1767	2
NA	1754	1818	2
NA	1712	1772	2
NA	1784	1852	2
NA	1739	1778	2
NA	1670	1716	2
NA	1726	1799	2
NA	1674	1739	2
NA	1700	1747	2
NA	1683	1741	2
NA	1725	1780	2
NA	1760	1830	2
NA	1671	1726	2
NA	1646	1708	2
NA	1741	1793	2
NA	1732	1800	2
NA	1730	1782	2
NA	1731	1808	2
NA	1776	1822	2
NA	1788	1862	2
NA	1769	1822	2
NA	1708	1777	2
NA	1785	1822	2
NA	1693	1758	2
NA	1716	1767	2
NA	1708	1750	2
NA	1699	1763	2
NA	1769	1816	2
NA	1784	1861	2
NA	1796	1827	2
NA	1784	1827	2
NA	1716	1761	2
NA	1714	1795	2
NA	1736	1808	2
NA	1692	1761	2
NA	1715	1778	2
NA	1719	1768	2
NA	1700	1744	2
NA	1718	1767	2
NA	1711	1786	2
NA	1795	1864	2
NA	1741	1766	2
NA	1780	1823	2
NA	1697	1769	2
NA	1714	1776	2
NA	1787	1874	2
NA	1788	1858	2
NA	1711	1795	2
NA	1740	1786	2
NA	1789	1856	2
NA	1770	1842	2
NA	1740	1811	2
NA	1707	1768	2
NA	-1730	-1730	2
NA	1784	1822	2
NA	1778	1841	2
NA	1677	1735	2
NA	1753	1800	2
NA	1763	1843	2
NA	1673	1697	2
NA	1617	1696	2
NA	1668	1715	2
NA	1764	1842	2
NA	1760	1814	2
NA	1800	1847	2
NA	1774	1818	2
NA	1774	1817	2
NA	1654	1725	2
NA	1776	1840	2
NA	1679	1742	2
NA	1778	1864	2
NA	1775	1831	2
1744	NA	NA	2
NA	1774	1824	2
NA	1703	1759	2
NA	1758	1831	2
NA	1771	1805	2
NA	1792	1831	2
NA	1735	1789	2
NA	1717	1767	2
NA	1716	1786	2
NA	1795	1852	2
NA	1780	1834	2
NA	1733	1813	2
NA	1775	1847	2
NA	1722	1805	2
NA	1712	1779	2
NA	1666	1752	2
1742	NA	NA	2
NA	1700	1753	2
NA	1643	1687	2
NA	1779	1825	2
NA	1728	1783	2
NA	1720	1779	2
NA	1745	1826	2
NA	1791	1844	2
NA	1800	1834	2
NA	1753	1830	2
NA	1775	1849	2
NA	1774	1857	2
NA	1683	1739	2
NA	1794	1871	2
NA	1724	1787	2
NA	1679	1731	2
NA	1734	1803	2
NA	1736	1806	2
NA	1785	1834	2
NA	1712	1769	2
NA	1680	1744	2
NA	1632	1703	2
NA	1721	1789	2
NA	1801	1850	2
NA	1787	1832	2
NA	1742	1810	2
NA	1767	1811	2
NA	1721	1794	2
NA	-1789	-1789	2
NA	1702	1773	2
NA	1750	1814	2
NA	1757	1827	2
NA	1775	1851	2
NA	1735	1773	2
NA	1684	1754	2
1758	NA	NA	2
NA	1712	1763	2
NA	1734	1795	2
NA	1765	1803	2
NA	1786	1863	2
NA	1804	1866	2
NA	1733	1809	2
NA	1800	1854	2
NA	1725	1784	2
NA	1766	1821	2
NA	1703	1766	2
NA	1710	1776	2
NA	1766	1834	2
NA	1776	1834	2
NA	1765	1846	2
NA	1699	1781	2
NA	1724	1784	2
NA	1714	1790	2
1774	NA	NA	2
NA	1796	1874	2
NA	1776	1852	2
NA	1734	1775	2
NA	1672	1731	2
NA	1761	1817	2
NA	1704	1759	2
NA	1873	1959	2
NA	1873	1935	2
NA	1835	1892	2
NA	1907	1973	2
NA	1888	1994	2
NA	1845	1923	2
NA	1862	1819	2
NA	1813	1904	2
NA	1920	1978	2
NA	1861	1932	2
NA	1887	1934	2
NA	1881	1819	2
NA	1878	1944	2
NA	1854	1930	2
NA	1879	1931	2
NA	1841	1916	2
NA	1907	2000	2
NA	1915	1986	2
NA	1923	2003	2
NA	1892	1967	2
NA	1874	1958	2
NA	1871	1959	2
NA	1885	1944	2
NA	1878	1954	2
NA	1875	1963	2
NA	1878	1950	2
NA	1881	1966	2
NA	1862	1960	2
NA	1871	1944	2
NA	1921	2013	2
NA	1913	2007	2
NA	1903	1973	2
NA	1925	1994	2
NA	1889	1973	2
NA	1899	1976	2
NA	1912	1980	2
NA	1913	1982	2
NA	1904	1994	2
NA	1924	2007	2
NA	1918	1975	2
NA	1921	2001	2
NA	1899	1982	2
NA	1912	1975	2
NA	1894	1975	2
NA	1906	1962	2
NA	1903	1959	2
NA	1926	2005	2
NA	1901	1980	2
NA	1899	1971	2
NA	1909	1969	2
NA	1820	1882	2
NA	1896	1976	2
NA	1923	1997	2
NA	1911	1996	2
NA	1918	2005	2
NA	1913	1995	2
NA	1900	1969	2
NA	1869	1943	2
NA	1900	1972	2
NA	1887	1961	2
NA	1910	2006	2
NA	1891	1959	2
NA	1909	1976	2
NA	1913	1970	2
NA	1905	1964	2
NA	1889	1952	2
NA	1907	1998	2
NA	1917	2007	2
NA	1887	1990	2
NA	1904	1976	2
NA	1897	1992	2
NA	1914	1982	2
NA	1899	1967	2
NA	1906	1998	2
NA	1870	1944	2
NA	1851	1921	2
NA	1861	1948	2
NA	1876	1951	2
NA	1842	1925	2
NA	1870	1885	2
NA	1878	1973	2
NA	1834	1901	2
NA	1854	1940	2
NA	1658	1689	1
NA	1800	1866	1
1710	NA	NA	1
NA	1863	1949	1
NA	1848	1937	1
NA	1687	1746	1
NA	1680	1718	1
NA	1722	1794	1
NA	1836	1903	1
NA	1853	1928	1
NA	1580	1658	1
NA	1850	1906	1
NA	1806	1886	1
NA	1821	1897	1
NA	1848	1891	1
NA	1877	1977	1
NA	1888	1952	1
NA	1876	1941	1
NA	1858	1913	1
NA	1785	1866	1
NA	1864	1921	1
NA	1866	1948	1
NA	1869	1961	1
NA	1858	1936	1
NA	1876	1949	1
NA	1849	1930	1
NA	1891	1952	1
NA	1866	1957	1
NA	1830	1877	1
NA	1925	2012	1
NA	1914	1992	1
NA	1592	1657	1
NA	1824	1864	1
NA	1671	1709	1
NA	1823	1884	1
NA	1828	1880	1
NA	1884	1943	1
NA	1691	1737	1
NA	1627	1691	1
NA	1788	1877	1
NA	1846	1923	1
NA	1734	1810	1
NA	1711	1757	1
NA	1825	1914	1
NA	1836	1923	1
NA	1817	1888	1
NA	1837	1910	1
NA	1774	1852	1
NA	1790	1860	1
NA	1665	1701	1
NA	1877	1941	1
NA	1803	1856	1
NA	1798	1873	1
NA	1779	1824	1
NA	1807	1882	1
NA	1820	1887	1
NA	1818	1892	1
NA	1800	1851	1
1816	NA	NA	1
NA	1679	1713	1
NA	1658	1708	1
NA	1830	1889	1
NA	1799	1838	1
NA	1799	1873	1
NA	1689	1762	1
NA	1696	1787	1
NA	1774	1827	1
NA	1772	1850	1
NA	1778	1852	1
NA	1686	1755	1
NA	1801	1879	1
NA	1706	1783	1
NA	1773	1849	1
NA	1873	1962	1
NA	1265	1321	1
NA	1713	1781	1
NA	1841	1895	1
NA	1851	1941	1
NA	1809	1883	1
NA	1824	1880	1
NA	1827	1852	1
NA	1866	1959	1
NA	1836	1922	1
NA	1809	1864	1
NA	1912	1978	1
NA	1804	1861	1
1819	NA	NA	1
NA	1914	2012	1
1834	NA	NA	1
NA	1835	1907	1
NA	1803	1847	1
NA	1824	1907	1
NA	1926	2009	1
NA	1783	1829	1
NA	1905	1976	1
NA	1848	1915	1
NA	1843	1900	1
NA	1911	1961	1
NA	1809	1891	1
NA	1771	1845	1
NA	1810	1878	1
NA	1824	1876	1
NA	1689	1745	1
NA	1769	1855	1
NA	1894	1971	1
NA	1918	1999	1
NA	1839	1869	1
NA	1906	1980	1
NA	1870	1918	1
NA	1802	1888	1
NA	1817	1887	1
1862	NA	NA	1
NA	1823	1891	1
NA	1872	1958	1
NA	1868	1898	1
NA	1822	1862	1
NA	1807	1872	1
NA	1882	1928	1
NA	1811	1892	1
NA	1835	1865	1
NA	1856	1910	1
NA	1909	1974	1
NA	1828	1912	1
NA	1807	1837	1
NA	1819	1895	1
NA	1899	1963	1
NA	1880	1819	1
NA	1150	1200	1
1838	NA	NA	1
NA	1807	1903	1
NA	1802	1887	1
NA	1887	1819	1
NA	1768	1825	1
NA	1854	1916	1
NA	1813	1894	1
NA	1676	1737	1
NA	1860	1930	1
1832	NA	NA	1
NA	1894	1819	1
1939	NA	NA	1
NA	1707	1783	1
NA	1927	1972	1
NA	1846	1819	1
NA	1826	1906	1
NA	1902	1994	1
NA	1884	1942	1
NA	1796	1870	1
NA	1880	1974	1
NA	1891	1935	1
NA	1921	2014	1
NA	1875	1923	1
NA	1859	1909	1
NA	1868	1926	1
NA	1847	1895	1
NA	1871	1930	1
NA	1892	1958	1
NA	1930	1974	1
NA	1805	1900	1
NA	1914	1994	1
NA	1672	1728	1
NA	1853	1909	1
NA	1802	1856	1
NA	1867	1927	1
NA	1808	1892	1
NA	1923	1992	1
NA	1785	1809	1
NA	1838	1885	1
NA	1777	1839	1
NA	1888	1944	1
NA	1690	1729	1
NA	1915	2004	1
NA	1778	1829	1
NA	1854	1900	1
NA	1782	1813	1
NA	1785	1853	1
NA	1809	1892	1
NA	1886	1819	1
NA	1850	1819	1
NA	1894	1972	1
NA	1621	1695	1
NA	1817	1865	1
NA	1647	1732	1
NA	1854	1922	1
NA	1802	1880	1
NA	1852	1898	1
NA	-1711	-1711	1
NA	1595	1640	1
NA	1879	1962	1
NA	1617	1682	1
NA	1630	1701	1
NA	1614	1685	1
NA	1615	1689	1
NA	1839	1925	1
NA	1635	1680	1
NA	1855	1950	1
NA	1670	1719	1
NA	1930	1978	1
NA	1640	1713	1
NA	1830	1893	1
NA	1871	1927	1
NA	1791	1859	1
NA	1849	1913	1
NA	1921	1991	1
NA	1927	1964	1
NA	1918	1989	1
NA	1873	1900	1
NA	1766	1814	1
NA	1734	1817	1
NA	1767	1842	1
NA	1818	1903	1
NA	1775	1826	1
NA	1736	1822	1
NA	1868	1935	1
NA	1757	1804	1
NA	1748	1829	1
NA	1820	1889	1
NA	1727	1809	1
NA	1753	1835	1
NA	1607	1670	1
NA	1726	1796	1
NA	1800	1865	1
NA	1721	1788	1
NA	1903	1942	1
NA	1706	1782	1
NA	1842	1933	1
NA	1757	1774	1
NA	1707	1764	1
NA	1640	1705	1
NA	1788	1848	1
NA	1790	1844	1
NA	1759	1825	1
NA	1741	1811	1
NA	1752	1806	1
NA	1733	1795	1
NA	1712	1789	1
NA	1726	1791	1
NA	1697	1775	1
NA	1685	1771	1
NA	1675	1750	1
NA	1679	1745	1
NA	1668	1748	1
NA	-1735	-1735	1
NA	1676	1751	1
NA	1784	1849	1
NA	1894	1964	1
NA	1876	1934	1
NA	1691	1758	1
NA	1900	1950	1
NA	1842	1924	1
NA	1827	1901	1
NA	1818	1855	1
NA	1841	1909	1
NA	1814	1902	1
NA	1669	1723	1
NA	1675	1742	1
NA	1858	1906	1
NA	1682	1764	1
NA	1658	1721	1
NA	1833	1839	1
NA	1820	1900	1
NA	1839	1881	1
NA	1799	1865	1
NA	1822	1898	1
NA	1739	1809	1
NA	1821	1907	1
NA	1891	1986	1
NA	1808	1872	1
NA	1833	1889	1
NA	1665	1715	1
NA	1800	1846	1
NA	1801	1867	1
NA	1854	1903	1
NA	1824	1871	1
NA	1821	1900	1
NA	1888	1989	1
NA	1819	1883	1
NA	1905	1987	1
NA	1892	1985	1
NA	1721	1760	1
NA	1801	1852	1
NA	1889	1942	1
NA	1715	1794	1
NA	1777	1853	1
NA	1808	1870	1
NA	1774	1828	1
NA	1791	1841	1
NA	1856	1924	1
NA	1868	1918	1
NA	1848	1929	1
NA	1649	1694	1
NA	1775	1823	1
NA	1768	1841	1
NA	1894	1969	1
NA	1807	1879	1
NA	1813	1892	1
NA	1782	1862	1
NA	1769	1811	1
NA	1920	1988	1
NA	1805	1876	1
NA	1850	1925	1
NA	1849	1931	1
NA	1719	1793	1
NA	1883	1962	1
NA	1897	1967	1
NA	1866	1922	1
NA	1885	1897	1
NA	1877	1963	1
NA	1782	1858	1
NA	1709	1766	1
NA	1732	1793	1
NA	1734	1788	1
NA	1743	1829	1
NA	1743	1789	1
NA	1676	1750	1
NA	1785	1826	1
NA	1781	1860	1
NA	1777	1855	1
NA	1916	1962	1
NA	1742	1768	1
NA	1583	1634	1
NA	1742	1816	1
NA	1883	1972	1
NA	1838	1899	1
NA	1583	1652	1
NA	1872	1936	1
NA	1903	1975	1
NA	1821	1880	1
NA	1849	1919	1
NA	1896	1955	1
NA	1763	1840	1
NA	1886	1964	1
NA	1854	1919	1
NA	1671	1758	1
NA	1744	1828	1
NA	1689	1756	1
NA	1707	1766	1
NA	1689	1749	1
NA	1689	1758	1
NA	1697	1749	1
NA	1708	1742	1
NA	1886	1975	1
NA	1711	1746	1
NA	-1742	-1742	1
NA	1732	1803	1
NA	1760	1799	1
NA	1622	1660	1
NA	1842	1921	1
NA	1712	1741	1
NA	1871	1931	1
NA	1800	1861	1
NA	1854	1936	1
NA	1853	1911	1
NA	1819	1852	1
NA	1867	1934	1
1839	NA	NA	1
NA	1704	1769	1
NA	1762	1822	1
NA	1817	1874	1
NA	1900	1999	1
NA	1798	1843	1
NA	1789	1863	1
NA	1769	1847	1
NA	1830	1901	1
NA	1886	1952	1
NA	1913	1972	1
NA	1822	1868	1
NA	1801	1863	1
NA	1871	1848	1
NA	1841	1907	1
NA	1879	1951	1
NA	1861	1939	1
NA	1819	1884	1
NA	1911	2009	1
NA	1923	1962	1
NA	1890	1960	1
NA	1904	1995	1
NA	1903	2004	1
NA	1866	1954	1
NA	1512	1548	1
NA	1853	1907	1
NA	1685	1761	1
NA	1756	1841	1
NA	1817	1902	1
NA	1871	1929	1
1817	NA	NA	1
NA	1851	1907	1
NA	1931	1994	1
NA	1918	1987	1
NA	1892	1923	1
NA	1874	1944	1
1926	NA	NA	1
NA	1883	1956	1
NA	1822	1906	1
NA	1878	1943	1
NA	1883	1959	1
NA	1882	1936	1
NA	1911	2014	1
NA	1894	1944	1
NA	1880	1958	1
NA	1916	1979	1
NA	1883	1975	1
NA	1843	1905	1
NA	1816	1882	1
NA	1810	1880	1
NA	1846	1914	1
NA	1714	1760	1
NA	1687	1740	1
NA	1695	1750	1
NA	1906	1971	1
NA	1821	1863	1
NA	1846	1928	1
NA	1893	1963	1
NA	1923	1965	1
NA	1838	1875	1
NA	1753	1819	1
NA	1667	1735	1
NA	1793	1877	1
NA	1833	1884	1
NA	1802	1886	1
NA	1550	1600	1
NA	1809	1847	1
NA	1771	1810	1
NA	1718	1789	1
NA	1738	1800	1
NA	1536	1593	1
NA	1713	1785	1
NA	1892	1971	1
NA	1873	1934	1
NA	1750	1839	1
NA	1858	1922	1
NA	1812	1894	1
NA	1853	1948	1
NA	1850	1918	1
NA	1817	1871	1
NA	1794	1847	1
NA	1855	1937	1
NA	1744	1810	1
1848	NA	NA	1
NA	1782	1845	1
NA	1769	1801	1
NA	1927	1994	1
NA	1872	1957	1
NA	1766	1833	1
NA	1882	1947	1
NA	1859	1928	1
NA	1767	1805	1
NA	1861	1917	1
NA	1846	1931	1
NA	1797	1828	1
NA	1884	1954	1
NA	1585	1672	1
NA	1826	1893	1
NA	1956	1933	1
NA	1868	1967	1
NA	1826	1877	1
NA	1813	1891	1
NA	1811	1863	1
NA	1810	1895	1
NA	1829	1867	1
NA	1841	1905	1
NA	1832	1908	1
NA	1909	1980	1
NA	1821	1881	1
NA	1803	1889	1
NA	1746	1823	1
NA	1711	1791	1
NA	1700	1790	1
NA	1741	1798	1
NA	1726	1805	1
NA	1719	1770	1
NA	1856	1921	1
NA	1838	1923	1
NA	1827	1904	1
NA	1880	1936	1
NA	1890	1952	1
NA	1840	1916	1
NA	1801	1858	1
NA	1780	1818	1
NA	1824	1917	1
NA	1694	1767	1
NA	1700	1769	1
NA	1835	1933	1
NA	1924	2000	1
NA	1879	1935	1
NA	1885	1920	1
NA	1926	1977	1
NA	-1724	-1724	1
NA	1825	1915	1
NA	1811	1870	1
NA	1739	1789	1
NA	1730	1769	1
NA	1806	1871	1
NA	1686	1761	1
NA	1690	1717	1
NA	1691	1734	1
NA	1791	1866	1
NA	1865	1954	1
NA	1690	1759	1
NA	1849	1937	1
NA	1872	1945	1
NA	1813	1872	1
NA	1858	1916	1
NA	1835	1912	1
NA	1870	1905	1
NA	1520	1590	1
NA	1873	1964	1
NA	1711	1765	1
NA	1848	1910	1
NA	1801	1868	1
NA	1882	1929	1
NA	1769	1837	1
NA	1866	1945	1
NA	1793	1843	1
NA	1834	1872	1
NA	1887	1921	1
NA	1759	1807	1
NA	1695	1769	1
NA	1733	1801	1
NA	1895	1957	1
NA	1909	1984	1
NA	1798	1883	1
NA	1768	1854	1
NA	1819	1874	1
NA	1806	1900	1
NA	1768	1804	1
NA	1888	1945	1
NA	1848	1938	1
NA	1868	1937	1
NA	1871	1956	1
NA	1813	1852	1
NA	1765	1817	1
NA	1799	1883	1
NA	1774	1821	1
NA	1776	1803	1
NA	1762	1842	1
NA	1875	1950	1
NA	1711	1759	1
NA	1883	1954	1
NA	1810	1849	1
NA	1713	1772	1
NA	1843	1914	1
NA	1776	1808	1
NA	1772	1836	1
NA	1787	1852	1
NA	1788	1843	1
NA	1920	1999	1
NA	1483	1520	1
NA	1720	1773	1
NA	1803	1873	1
NA	1795	1873	1
NA	1774	1830	1
NA	1792	1862	1
NA	1868	1934	1
NA	1622	1673	1
NA	1906	1977	1
NA	1494	1553	1
NA	1684	1738	1
NA	1832	1887	1
NA	1751	1816	1
NA	1664	1715	1
NA	1637	1680	1
NA	1894	1958	1
NA	1907	1974	1
NA	1800	1889	1
NA	1853	1917	1
NA	1851	1897	1
NA	1737	1808	1
NA	1770	1839	1
NA	1776	1826	1
NA	1756	1810	1
NA	1775	1848	1
NA	1780	1846	1
NA	1772	1831	1
1914	NA	NA	1
NA	1872	1967	1
NA	1869	1967	1
NA	1766	1830	1
NA	1679	1749	1
NA	1886	1949	1
NA	1857	1908	1
NA	1746	1827	1
NA	1902	1991	1
NA	1861	1950	1
NA	1789	1854	1
NA	1493	1541	1
1908	NA	NA	1
NA	1895	1948	1
NA	1854	1952	1
NA	1849	1925	1
NA	1826	1915	1
NA	1805	1858	1
NA	1805	1882	1
NA	1825	1898	1
NA	1886	1934	1
NA	1900	1997	1
NA	1686	1760	1
1841	NA	NA	1
1844	NA	NA	1
NA	1864	1928	1
NA	1681	1764	1
NA	1781	1865	1
NA	1777	1851	1
1925	NA	NA	1
NA	1818	1901	1
NA	1822	1883	1
NA	1897	1940	1
NA	1778	1831	1
NA	1804	1881	1
NA	1884	1973	1
NA	1833	1916	1
NA	1714	1767	1
NA	1845	1903	1
NA	1886	1933	1
NA	1869	1931	1
NA	1878	1953	1
NA	1897	1997	1
NA	1903	1943	1
NA	1876	1954	1
NA	1888	1979	1
NA	1787	1883	1
NA	1837	1895	1
NA	1809	1881	1
NA	1872	1956	1
NA	1766	1846	1
NA	1774	1850	1
NA	1700	1779	1
NA	1813	1870	1
NA	1772	1860	1
NA	1808	1873	1
NA	1793	1832	1
NA	1782	1831	1
NA	1770	1829	1
NA	1760	1798	1
NA	1771	1821	1
NA	1822	1861	1
NA	1906	1960	1
NA	1892	1991	1
NA	1816	1872	1
NA	1831	1893	1
NA	1865	1955	1
NA	1829	1899	1
1723	NA	NA	1
NA	1795	1880	1
NA	1609	1680	1
NA	1703	1783	1
NA	1891	1946	1
NA	1783	1834	1
NA	1866	1941	1
NA	1879	1958	1
NA	1893	1983	1
NA	1820	1893	1
NA	1808	1880	1
NA	1879	1910	1
NA	1830	1896	1
NA	1796	1860	1
NA	1856	1925	1
NA	1864	1916	1
NA	1912	1984	1
NA	1465	1534	1
NA	1884	1970	1
NA	1885	1958	1
NA	1820	1857	1
NA	1913	2001	1
NA	1877	1934	1
NA	1735	1807	1
NA	1728	1808	1
NA	1722	1767	1
NA	1725	1797	1
NA	1726	1753	1
NA	1733	1800	1
NA	1723	1780	1
NA	1876	1952	1
NA	1811	1849	1
NA	1741	1810	1
NA	1916	1974	1
NA	1866	1934	1
NA	1138	1204	1
NA	1521	1581	1
NA	1482	1558	1
NA	1855	1905	1
NA	1659	1690	1
NA	1727	1804	1
NA	1807	1884	1
NA	1887	1918	1
NA	1925	2005	1
NA	1729	1756	1
NA	1820	1858	1
NA	1746	1806	1
NA	1892	1938	1
NA	1879	1929	1
NA	1891	1947	1
NA	1727	1781	1
NA	1838	1910	1
NA	1864	1947	1
NA	1675	1735	1
NA	1888	1969	1
NA	1788	1864	1
NA	1788	1856	1
NA	1787	1846	1
NA	1810	1898	1
NA	1821	1889	1
NA	1794	1845	1
NA	1767	1832	1
NA	1851	1918	1
NA	1892	1959	1
NA	1815	1888	1
1904	NA	NA	1
NA	1837	1919	1
NA	1881	1918	1
NA	1883	1968	1
NA	1925	1983	1
NA	1755	1816	1
NA	1851	1906	1
NA	1699	1745	1
NA	1856	1929	1
NA	1899	1958	1
NA	1825	1888	1
NA	1922	1972	1
NA	1858	1926	1
NA	1812	1909	1
NA	1838	1925	1
NA	1928	1980	1
NA	1741	1783	1
NA	1723	1806	1
NA	1829	1918	1
NA	1916	1957	1
NA	1842	1916	1
NA	1743	1798	1
NA	1898	1982	1
NA	1878	1969	1
NA	1856	1944	1
NA	1846	1915	1
NA	1823	1898	1
NA	1856	1928	1
NA	1920	1998	1
NA	1809	1865	1
NA	1776	1838	1
NA	1722	1801	1
NA	1812	1873	1
NA	1781	1816	1
NA	1865	1945	1
NA	1914	1976	1
NA	1816	1908	1
1823	NA	NA	1
1802	NA	NA	1
NA	1771	1802	1
NA	1863	1906	1
NA	1817	1882	1
NA	1794	1854	1
NA	1738	1788	1
NA	1834	1898	1
NA	1796	1867	1
NA	1823	1877	1
NA	1398	1481	1
NA	1794	1876	1
NA	1882	1935	1
NA	1903	1962	1
NA	1890	1988	1
NA	1893	1934	1
NA	1884	1984	1
NA	1919	1999	1
NA	1885	1985	1
NA	1891	1944	1
NA	1902	1966	1
NA	1669	1727	1
NA	1883	1980	1
NA	1730	1790	1
NA	1866	1939	1
NA	1735	1786	1
NA	1728	1780	1
NA	1736	1812	1
NA	1730	1786	1
NA	1728	1815	1
NA	1757	1783	1
NA	1728	1764	1
NA	1771	1844	1
NA	1868	1948	1
NA	1724	1811	1
NA	1803	1882	1
NA	1862	1936	1
NA	1733	1806	1
NA	1869	1949	1
NA	1801	1882	1
NA	1732	1785	1
NA	1780	1861	1
NA	1799	1828	1
NA	1769	1813	1
NA	1771	1840	1
NA	1883	1958	1
NA	1895	1929	1
NA	1781	1820	1
NA	1788	1832	1
NA	1767	1815	1
NA	1819	1906	1
NA	1922	2006	1
NA	1900	1978	1
NA	1919	1980	1
NA	1875	1934	1
NA	1887	1924	1
NA	1891	1990	1
NA	1737	1796	1
NA	1863	1952	1
NA	1894	1940	1
NA	1835	1886	1
NA	1822	1874	1
NA	1786	1876	1
NA	1786	1826	1
NA	1799	1867	1
NA	1764	1840	1
NA	1698	1757	1
NA	1758	1807	1
NA	1733	1781	1
NA	1756	1816	1
NA	1730	1798	1
NA	1736	1787	1
NA	1736	1796	1
NA	1731	1780	1
NA	1739	1775	1
1765	NA	NA	1
NA	1735	1783	1
NA	1731	1800	1
NA	1750	1832	1
NA	1726	1781	1
NA	1737	1802	1
NA	1754	1809	1
NA	1753	1813	1
NA	1751	1812	1
1840	NA	NA	1
NA	1833	1899	1
NA	1898	1983	1
NA	1900	1967	1
NA	1861	1926	1
NA	1878	1922	1
NA	1879	1933	1
NA	1724	1797	1
NA	1718	1798	1
NA	1735	1795	1
NA	1744	1805	1
NA	1724	1796	1
NA	1722	1793	1
NA	1735	1809	1
NA	1733	1789	1
NA	1878	1939	1
NA	1369	1415	1
NA	1757	1831	1
NA	1830	1915	1
NA	1756	1837	1
NA	1779	1828	1
NA	1903	1961	1
NA	1835	1903	1
NA	1908	2005	1
NA	1655	1697	1
NA	1828	1885	1
NA	1796	1853	1
NA	1917	2001	1
NA	1843	1931	1
NA	1849	1911	1
NA	1766	1816	1
NA	1719	1784	1
NA	1797	1844	1
NA	1674	1741	1
NA	1708	1755	1
NA	1698	1760	1
NA	1701	1741	1
NA	1847	1930	1
NA	1849	1940	1
NA	1887	1941	1
NA	1878	1938	1
NA	1776	1823	1
NA	1779	1860	1
NA	1815	1870	1
NA	1864	1941	1
NA	1889	1936	1
NA	1903	1955	1
NA	1840	1915	1
NA	1824	1919	1
NA	1852	1931	1
NA	1771	1852	1
NA	1879	1930	1
NA	1890	1965	1
NA	1894	1959	1
NA	1868	1959	1
NA	1868	1953	1
NA	1708	1748	1
NA	1705	1744	1
NA	1877	1931	1
NA	1790	1821	1
NA	1705	1772	1
NA	1815	1898	1
NA	1716	1782	1
NA	1867	1907	1
NA	1893	1935	1
NA	1831	1897	1
NA	1902	1955	1
NA	1706	1787	1
NA	1862	1935	1
NA	1675	1751	1
NA	1817	1881	1
NA	1813	1874	1
NA	1853	1890	1
NA	1809	1898	1
NA	1790	1868	1
NA	1800	1874	1
NA	1735	1791	1
NA	1740	1788	1
NA	1841	1919	1
NA	1852	1925	1
NA	1802	1890	1
NA	1802	1841	1
NA	1860	1916	1
NA	1818	1897	1
NA	1740	1771	1
NA	1766	1823	1
NA	1749	1805	1
NA	1795	1868	1
NA	1776	1828	1
NA	1778	1808	1
NA	1763	1841	1
NA	1757	1817	1
NA	1746	1776	1
NA	1748	1837	1
NA	1754	1828	1
NA	1748	1811	1
1745	NA	NA	1
NA	1735	1774	1
NA	1750	1800	1
NA	1733	1784	1
NA	1869	1966	1
1681	NA	NA	1
NA	1716	1774	1
NA	1750	1837	1
NA	1838	1904	1
NA	1663	1727	1
NA	1832	1893	1
NA	1797	1856	1
NA	1856	1923	1
NA	1835	1917	1
NA	1674	1728	1
1730	NA	NA	1
NA	1672	1722	1
NA	1681	1741	1
NA	1647	1708	1
NA	1744	1836	1
NA	1740	1810	1
NA	1728	1797	1
NA	1788	1845	1
NA	1772	1838	1
NA	1791	1860	1
NA	1771	1827	1
NA	1779	1855	1
NA	1779	1859	1
NA	1762	1820	1
NA	1767	1830	1
NA	1778	1826	1
NA	1789	1858	1
NA	1787	1833	1
NA	1756	1808	1
NA	1769	1857	1
NA	1777	1842	1
NA	1795	1867	1
NA	1780	1852	1
NA	1809	1895	1
NA	1839	1910	1
NA	1898	1963	1
NA	1807	1865	1
NA	1863	1928	1
NA	1827	1893	1
NA	1803	1874	1
1160	NA	NA	1
NA	1719	1800	1
NA	1720	1799	1
NA	1807	1891	1
NA	1692	1751	1
NA	1683	1719	1
NA	1680	1755	1
NA	1736	1802	1
NA	1861	1920	1
NA	1715	1784	1
NA	1717	1771	1
NA	1717	1795	1
NA	1735	1804	1
NA	1884	1941	1
NA	1767	1813	1
NA	1791	1876	1
NA	1840	1878	1
NA	1878	1960	1
NA	1625	1688	1
NA	1779	1870	1
NA	1736	1816	1
NA	1823	1914	1
NA	1816	1878	1
NA	1812	1893	1
NA	1921	2004	1
NA	1900	1973	1
NA	1847	1921	1
NA	1732	1784	1
NA	1568	1648	1
NA	1547	1616	1
NA	1732	1757	1
NA	1826	1874	1
NA	1826	1852	1
NA	1916	1968	1
NA	1841	1896	1
NA	1840	1901	1
NA	1862	1949	1
NA	1869	1915	1
NA	1865	1937	1
NA	1912	1966	1
NA	1835	1914	1
NA	1839	1908	1
NA	1872	1919	1
NA	1902	1998	1
NA	1638	1715	1
1940	NA	NA	1
NA	1901	1969	1
NA	1846	1911	1
NA	1902	1986	1
NA	1747	1770	1
NA	1912	2009	1
NA	1872	1939	1
NA	1846	1875	1
NA	1792	1866	1
NA	1891	1973	1
NA	1890	1970	1
NA	1905	1950	1
NA	1918	1993	1
NA	1921	1997	1
NA	1839	1913	1
NA	1886	1977	1
NA	1720	1745	1
NA	1868	1896	1
NA	1876	1933	1
NA	1835	1904	1
NA	1798	1874	1
NA	1919	2008	1
NA	1918	2011	1
NA	1662	1743	1
NA	1912	1997	1
NA	1907	2001	1
NA	1831	1898	1
NA	1890	1982	1
NA	1895	1965	1
NA	1785	1869	1
NA	1897	1999	1
1874	NA	NA	1
NA	1901	1982	1
NA	1876	1943	1
NA	1888	1961	1
NA	1916	1969	1
NA	1745	1800	1
NA	1917	2000	1
NA	1490	1557	1
NA	1743	1816	1
NA	1749	1829	1
NA	1754	1813	1
NA	1679	1753	1
NA	1804	1862	1
NA	1800	1888	1
NA	1695	1745	1
NA	1892	1918	1
NA	1801	1885	1
NA	1918	1985	1
NA	1790	1865	1
NA	1863	1899	1
NA	1736	1820	1
NA	1856	1951	1
NA	1817	1861	1
NA	1897	1956	1
NA	1815	1892	1
NA	1599	1658	1
NA	1802	1869	1
NA	1828	1872	1
NA	1755	1797	1
NA	1519	1572	1
NA	1842	1918	1
NA	1758	1818	1
NA	1732	1771	1
NA	1741	1794	1
NA	1755	1794	1
NA	1730	1812	1
NA	1898	1965	1
NA	1835	1919	1
NA	1809	1884	1
NA	1811	1884	1
NA	1767	1800	1
NA	1761	1834	1
NA	1521	1597	1
NA	1878	1948	1
NA	1904	1971	1
NA	1734	1779	1
NA	1827	1896	1
NA	1871	1934	1
NA	1841	1890	1
NA	1777	1856	1
NA	1628	1688	1
NA	1824	1874	1
NA	1650	1721	1
NA	1711	1768	1
NA	1720	1754	1
NA	1704	1774	1
NA	1812	1868	1
NA	1743	1820	1
NA	1817	1898	1
NA	1755	1839	1
NA	1708	1775	1
NA	1590	1655	1
NA	1753	1788	1
NA	1793	1827	1
NA	1767	1791	1
NA	1780	1826	1
NA	1840	1924	1
NA	1755	1813	1
NA	1737	1815	1
NA	1889	1940	1
NA	1831	1891	1
NA	1903	1974	1
NA	1874	1947	1
NA	1858	1897	1
NA	1754	1820	1
NA	1739	1773	1
NA	1757	1823	1
NA	1767	1803	1
NA	1750	1809	1
NA	1772	1818	1
NA	1741	1804	1
NA	1747	1817	1
NA	1751	1780	1
NA	1751	1799	1
NA	1751	1783	1
NA	1774	1800	1
NA	1900	1970	1
NA	1880	1965	1
NA	1604	1639	1
NA	1841	1877	1
NA	1750	1826	1
NA	1716	1779	1
NA	1734	1804	1
NA	1857	1946	1
NA	1855	1938	1
NA	1773	1814	1
NA	1773	1854	1
1869	NA	NA	1
NA	1886	1955	1
NA	1692	1762	1
NA	1728	1811	1
NA	1725	1800	1
NA	1735	1788	1
NA	1853	1957	1
NA	1804	1884	1
NA	1836	1905	1
NA	1745	1793	1
NA	1781	1824	1
NA	1738	1819	1
NA	1837	1930	1
NA	1871	1942	1
NA	1766	1843	1
NA	1681	1744	1
NA	1682	1735	1
NA	1855	1920	1
NA	1799	1882	1
NA	1791	1835	1
NA	1780	1840	1
NA	1794	1833	1
NA	1595	1654	1
NA	1739	1782	1
NA	1831	1881	1
NA	1708	1739	1
NA	1846	1919	1
NA	1729	1808	1
NA	1770	1861	1
NA	1812	1879	1
NA	1788	1823	1
NA	1778	1833	1
NA	1780	1819	1
NA	1798	1828	1
NA	1872	1918	1
1877	NA	NA	1
NA	1765	1834	1
NA	1815	1869	1
NA	1876	1940	1
NA	1648	1690	1
NA	1558	1628	1
1689	NA	NA	1
NA	-1592	-1592	1
NA	1639	1710	1
NA	1559	1614	1
NA	1627	1695	1
NA	1515	1572	1
1647	NA	NA	1
NA	1646	1713	1
1727	NA	NA	1
1691	NA	NA	1
NA	1630	1691	1
NA	-1690	-1690	1
NA	1641	1684	1
NA	1634	1690	1
1630	NA	NA	1
NA	1588	1640	1
NA	1568	1658	1
NA	1624	1695	1
NA	1510	1583	1
NA	1572	1652	1
NA	1580	1642	1
NA	1670	1697	1
NA	1583	1639	1
1644	NA	NA	1
NA	1639	1700	1
NA	1570	1622	1
NA	1645	1717	1
1646	NA	NA	1
NA	1635	1700	1
1611	NA	NA	1
NA	-1701	-1701	1
NA	1599	1632	1
NA	1584	1622	1
1448	NA	NA	1
NA	1610	1675	1
NA	1640	1702	1
NA	1641	1712	1
NA	1620	1666	1
NA	1649	1693	1
1606	NA	NA	1
1650	NA	NA	1
NA	1587	1656	1
NA	1570	1637	1
NA	1565	1637	1
NA	1604	1693	1
1628	NA	NA	1
NA	1624	1700	1
NA	1612	1693	1
NA	1520	1598	1
NA	1575	1646	1
NA	1574	1656	1
NA	1541	1585	1
NA	1625	1678	1
NA	1612	1690	1
NA	1525	1602	1
NA	1628	1705	1
NA	1556	1608	1
1702	NA	NA	1
1666	NA	NA	1
1667	NA	NA	1
NA	1641	1694	1
NA	-1670	-1670	1
1696	NA	NA	1
NA	1530	1596	1
NA	1573	1655	1
NA	1612	1691	1
NA	1654	1696	1
NA	1636	1679	1
NA	1652	1711	1
NA	1588	1636	1
NA	1596	1632	1
NA	1577	1640	1
1704	NA	NA	1
NA	1623	1691	1
1625	NA	NA	1
NA	1641	1708	1
1682	NA	NA	1
NA	1515	1562	1
NA	1578	1629	1
NA	1642	1721	1
1661	NA	NA	1
NA	1630	1699	1
NA	1595	1653	1
NA	1638	1678	1
NA	1620	1665	1
NA	1610	1671	1
NA	1633	1705	1
1678	NA	NA	1
NA	1608	1639	1
NA	1547	1606	1
NA	1575	1641	1
NA	1609	1670	1
NA	1642	1690	1
NA	1543	1598	1
1679	NA	NA	1
1619	NA	NA	1
NA	1663	1712	1
NA	-1713	-1713	1
NA	1629	1704	1
NA	1619	1684	1
NA	1623	1672	1
NA	1578	1632	1
NA	1576	1642	1
NA	1589	1662	1
NA	1625	1694	1
NA	1406	1457	1
NA	1570	1614	1
1663	NA	NA	1
1386	NA	NA	1
1665	NA	NA	1
NA	1907	1981	1
NA	1775	1835	1
NA	1829	1890	1
NA	1692	1766	1
NA	1687	1762	1
NA	1693	1755	1
NA	1698	1770	1
NA	1732	1786	1
NA	1714	1753	1
NA	1690	1731	1
NA	1724	1756	1
NA	1699	1738	1
NA	1693	1728	1
NA	1714	1781	1
NA	1873	1966	1
NA	1830	1900	1
NA	1830	1890	1
NA	1849	1903	1
NA	1758	1815	1
NA	1752	1829	1
NA	1760	1852	1
NA	1750	1834	1
NA	1791	1868	1
NA	1586	1654	1
NA	1799	1875	1
NA	1897	1958	1
NA	1757	1819	1
NA	1759	1831	1
NA	1918	1994	1
NA	1730	1774	1
1803	NA	NA	1
NA	1888	1940	1
NA	1845	1906	1
NA	1839	1914	1
NA	1883	1933	1
NA	1746	1831	1
NA	1856	1911	1
NA	1709	1784	1
NA	1858	1945	1
NA	1826	1914	1
NA	1769	1859	1
NA	1842	1927	1
NA	1876	1959	1
NA	1907	1978	1
NA	1815	1904	1
NA	1871	1919	1
NA	1831	1907	1
NA	1816	1864	1
NA	1824	1911	1
NA	1808	1899	1
NA	1898	1933	1
NA	1815	1868	1
NA	1890	1966	1
NA	1911	1981	1
NA	1877	1949	1
NA	1822	1904	1
NA	1909	1985	1
NA	1851	1929	1
NA	1878	1928	1
NA	1891	1923	1
NA	1821	1888	1
NA	1929	1977	1
NA	1912	1990	1
NA	1866	1932	1
NA	1715	1773	1
NA	1824	1894	1
NA	1895	1945	1
NA	1868	1913	1
NA	1834	1875	1
NA	1862	1919	1
NA	1909	1971	1
NA	1872	1938	1
NA	1742	1838	1
NA	1825	1852	1
NA	1835	1909	1
NA	1832	1902	1
NA	1845	1919	1
NA	1859	1937	1
NA	1867	1911	1
NA	1864	1934	1
NA	1840	1926	1
NA	1874	1922	1
NA	1881	1972	1
NA	1868	1928	1
NA	1860	1951	1
NA	1862	1940	1
NA	1885	1934	1
NA	1860	1921	1
NA	1868	1912	1
NA	1865	1916	1
NA	1865	1950	1
NA	1881	1947	1
NA	1861	1919	1
NA	1854	1915	1
NA	1855	1891	1
NA	1819	1877	1
NA	1851	1895	1
NA	1825	1897	1
NA	1825	1903	1
NA	1839	1900	1
NA	1867	1928	1
1857	NA	NA	1
NA	1843	1911	1
NA	1850	1912	1
NA	1845	1902	1
NA	1838	1905	1
NA	1840	1929	1
NA	1786	1847	1
NA	1831	1906	1
NA	1830	1903	1
NA	1100	1166	1
NA	1862	1926	1
NA	1831	1902	1
NA	1829	1897	1
NA	1838	1918	1
NA	1813	1883	1
NA	1869	1918	1
NA	1820	1907	1
NA	1869	1909	1
NA	1843	1910	1
NA	1836	1914	1
NA	1864	1942	1
NA	1877	1917	1
NA	1872	1928	1
NA	1855	1913	1
NA	1867	1931	1
NA	1871	1964	1
NA	1867	1957	1
NA	1865	1929	1
NA	1829	1912	1
NA	1877	1936	1
NA	1847	1920	1
NA	1822	1891	1
NA	1812	1870	1
NA	1812	1897	1
NA	1845	1939	1
NA	1825	1901	1
NA	1812	1892	1
NA	1827	1899	1
NA	1824	1891	1
NA	1817	1889	1
NA	1820	1903	1
NA	1834	1913	1
NA	1841	1886	1
NA	1814	1882	1
NA	1837	1921	1
NA	1859	1894	1
NA	1843	1930	1
NA	1848	1904	1
NA	1632	1677	1
NA	1852	1934	1
NA	1826	1887	1
NA	1795	1857	1
1814	NA	NA	1
NA	1835	1885	1
NA	1806	1870	1
NA	1830	1926	1
NA	1838	1878	1
1851	NA	NA	1
NA	1812	1885	1
NA	1821	1902	1
NA	1822	1894	1
NA	1891	1933	1
NA	1942	1998	1
NA	1897	1995	1
NA	1851	1819	1
NA	1916	2007	1
NA	1807	1873	1
NA	1894	1941	1
NA	1929	2007	1
NA	1794	1836	1
NA	1763	1788	1
NA	1769	1807	1
NA	1787	1837	1
NA	1776	1825	1
NA	1779	1856	1
NA	1678	1762	1
NA	-1733	-1733	1
NA	1676	1718	1
NA	1726	1806	1
NA	1781	1843	1
NA	1745	1789	1
NA	1756	1821	1
1780	NA	NA	1
NA	1789	1829	1
NA	1748	1821	1
NA	1721	1802	1
NA	1718	1794	1
NA	1702	1776	1
NA	1771	1825	1
NA	1773	1845	1
NA	1759	1823	1
NA	1756	1833	1
NA	1745	1811	1
NA	1731	1789	1
NA	1741	1777	1
NA	1708	1791	1
NA	1727	1780	1
NA	1720	1796	1
NA	1712	1791	1
NA	1723	1768	1
NA	1715	1771	1
NA	1797	1825	1
NA	1778	1867	1
NA	1771	1834	1
NA	1632	1710	1
NA	1705	1767	1
NA	1475	1566	1
NA	1793	1848	1
NA	1740	1820	1
NA	1750	1805	1
NA	1753	1832	1
NA	1749	1804	1
NA	1717	1806	1
NA	1766	1852	1
NA	1712	1753	1
NA	1646	1714	1
NA	1752	1818	1
NA	1769	1803	1
NA	-1744	-1744	1
NA	-1797	-1797	1
NA	1740	1802	1
NA	1772	1845	1
NA	1734	1815	1
NA	1737	1785	1
NA	1659	1720	1
NA	1775	1854	1
NA	1742	1808	1
NA	1706	1765	1
NA	1714	1773	1
NA	1782	1821	1
NA	1638	1701	1
NA	1775	1811	1
NA	1701	1751	1
NA	1773	1831	1
NA	1705	1750	1
NA	1716	1785	1
NA	1677	1758	1
NA	1752	1817	1
NA	1712	1764	1
NA	1759	1813	1
NA	1709	1775	1
NA	1766	1855	1
NA	1794	1856	1
NA	1734	1807	1
NA	1769	1849	1
NA	1686	1747	1
NA	1719	1802	1
NA	1751	1814	1
NA	1792	1833	1
NA	1790	1834	1
NA	1713	1766	1
NA	1719	1787	1
NA	1693	1754	1
NA	1775	1857	1
NA	1714	1763	1
NA	1774	1861	1
NA	1711	1762	1
NA	1781	1837	1
NA	1762	1805	1
NA	1655	1732	1
NA	1789	1866	1
NA	1744	1827	1
NA	1785	1808	1
NA	1781	1819	1
NA	1743	1806	1
NA	1736	1815	1
NA	1806	1885	1
NA	1799	1858	1
NA	1803	1870	1
NA	1710	1794	1
NA	1706	1752	1
NA	1721	1800	1
NA	1694	1789	1
NA	1795	1829	1
NA	1748	1805	1
NA	1794	1865	1
NA	1745	1807	1
NA	1730	1813	1
NA	1704	1773	1
NA	1722	1796	1
NA	1717	1791	1
NA	1742	1786	1
NA	1740	1783	1
NA	1668	1708	1
NA	1672	1751	1
NA	1632	1709	1
NA	-1707	-1707	1
NA	1673	1733	1
NA	1777	1830	1
NA	1737	1806	1
1781	NA	NA	1
NA	1763	1830	1
NA	1733	1775	1
NA	1090	1153	1
NA	1721	1811	1
NA	1721	1766	1
NA	1793	1849	1
NA	1770	1854	1
NA	1761	1803	1
NA	1714	1754	1
NA	1675	1711	1
NA	1779	1813	1
NA	1752	1812	1
NA	1760	1823	1
NA	1763	1810	1
NA	1764	1803	1
NA	1661	1708	1
NA	1780	1821	1
NA	1741	1764	1
NA	1766	1822	1
NA	-1824	-1824	1
NA	1742	1782	1
NA	1754	1835	1
NA	1787	1867	1
NA	1769	1851	1
NA	1759	1810	1
NA	1772	1835	1
NA	1777	1824	1
NA	1776	1827	1
NA	1790	1851	1
NA	1675	1754	1
NA	1694	1773	1
NA	1711	1787	1
NA	1801	1854	1
NA	1798	1881	1
NA	1780	1810	1
NA	1790	1850	1
NA	1733	1805	1
NA	1743	1814	1
NA	1734	1820	1
NA	1706	1776	1
NA	1782	1848	1
NA	1735	1802	1
NA	1727	1789	1
NA	1742	1827	1
NA	1686	1752	1
NA	1742	1790	1
NA	1673	1722	1
NA	1694	1771	1
NA	1699	1739	1
NA	1749	1790	1
NA	1700	1749	1
NA	1693	1775	1
NA	1761	1815	1
NA	1709	1788	1
NA	1780	1842	1
NA	1778	1838	1
NA	1758	1809	1
NA	1770	1838	1
NA	1690	1727	1
NA	1677	1742	1
NA	1708	1773	1
NA	1780	1856	1
NA	1607	1676	1
NA	1688	1768	1
NA	1704	1753	1
NA	-1657	-1657	1
NA	1674	1729	1
NA	1761	1841	1
NA	1718	1791	1
NA	1706	1761	1
NA	1769	1843	1
NA	1742	1828	1
NA	1673	1752	1
NA	1775	1844	1
NA	1665	1709	1
NA	1678	1742	1
NA	1704	1771	1
NA	1708	1766	1
NA	1761	1811	1
NA	1722	1766	1
NA	1698	1752	1
NA	1792	1820	1
NA	1755	1811	1
NA	1726	1803	1
NA	1720	1795	1
NA	-1719	-1719	1
NA	1719	1795	1
NA	1725	1767	1
NA	1780	1822	1
NA	1777	1832	1
NA	1717	1788	1
NA	-1763	-1763	1
NA	1728	1807	1
NA	1602	1663	1
NA	1659	1719	1
NA	1725	1786	1
NA	1724	1778	1
NA	1672	1755	1
NA	1672	1758	1
NA	1690	1750	1
NA	1733	1788	1
NA	1707	1771	1
NA	1720	1758	1
NA	1788	1873	1
NA	1724	1786	1
NA	1756	1832	1
NA	1787	1819	1
NA	1663	1747	1
NA	1726	1763	1
NA	1794	1851	1
NA	1749	1828	1
NA	1703	1750	1
NA	1767	1854	1
NA	1685	1753	1
NA	1734	1764	1
NA	1657	1723	1
NA	-1856	-1856	1
NA	1768	1829	1
NA	1756	1802	1
NA	1660	1729	1
NA	1720	1811	1
NA	1693	1743	1
NA	1658	1712	1
NA	1738	1811	1
NA	1642	1716	1
NA	1771	1853	1
NA	1686	1739	1
NA	1660	1710	1
NA	1731	1815	1
NA	1687	1752	1
NA	1729	1797	1
NA	1630	1703	1
NA	1766	1810	1
NA	1740	1806	1
NA	1680	1728	1
NA	1773	1827	1
NA	1787	1845	1
NA	1703	1775	1
NA	1804	1871	1
NA	-1731	-1731	1
NA	1806	1878	1
NA	1789	1834	1
NA	1705	1756	1
NA	1777	1805	1
NA	1770	1802	1
NA	1768	1852	1
NA	1794	1842	1
NA	1757	1835	1
NA	1782	1837	1
NA	1744	1813	1
NA	1784	1839	1
NA	1712	1778	1
NA	1764	1804	1
NA	1770	1825	1
NA	1775	1815	1
NA	1768	1839	1
NA	1760	1820	1
NA	1766	1850	1
NA	1788	1849	1
NA	1767	1824	1
NA	1777	1822	1
NA	1728	1788	1
NA	1736	1794	1
NA	1697	1766	1
NA	1728	1777	1
NA	1729	1789	1
NA	1722	1771	1
NA	1777	1849	1
NA	1732	1806	1
NA	1715	1765	1
NA	1696	1768	1
NA	1750	1806	1
NA	1744	1772	1
NA	1721	1763	1
NA	1728	1794	1
NA	1731	1802	1
NA	1752	1802	1
NA	1750	1815	1
NA	1788	1828	1
NA	1754	1794	1
NA	1702	1784	1
NA	1750	1784	1
NA	1787	1856	1
NA	1729	1777	1
NA	1739	1797	1
NA	1722	1770	1
NA	1713	1750	1
NA	1652	1732	1
NA	1677	1754	1
NA	1703	1773	1
NA	1749	1835	1
NA	1682	1751	1
NA	1794	1882	1
NA	1795	1882	1
NA	1714	1793	1
NA	1731	1792	1
NA	-1747	-1747	1
NA	1684	1763	1
NA	1741	1815	1
NA	1751	1813	1
NA	1793	1841	1
NA	1793	1836	1
NA	1756	1796	1
NA	1724	1808	1
NA	1721	1795	1
NA	1737	1804	1
NA	1777	1857	1
NA	1716	1763	1
NA	1739	1805	1
NA	1739	1774	1
NA	1720	1804	1
NA	1662	1724	1
NA	1703	1782	1
NA	1766	1841	1
NA	1759	1846	1
NA	1767	1814	1
NA	1790	1824	1
NA	1774	1835	1
NA	1741	1796	1
NA	1782	1812	1
NA	1738	1797	1
NA	1772	1826	1
NA	1747	1819	1
NA	1786	1844	1
NA	1775	1866	1
NA	1783	1827	1
NA	1778	1828	1
NA	1704	1788	1
NA	1788	1868	1
NA	1795	1855	1
NA	1778	1823	1
NA	1750	1790	1
NA	1681	1740	1
NA	1704	1780	1
NA	1773	1843	1
NA	1793	1822	1
NA	1742	1802	1
NA	1621	1693	1
NA	1754	1822	1
NA	1711	1777	1
NA	1737	1809	1
NA	1714	1784	1
1709	NA	NA	1
NA	1758	1839	1
NA	1682	1768	1
NA	1756	1801	1
NA	1698	1769	1
NA	1728	1800	1
NA	1749	1791	1
NA	1751	1836	1
NA	1707	1754	1
NA	1737	1825	1
NA	1769	1838	1
NA	1686	1765	1
NA	1662	1742	1
NA	1450	1515	1
NA	1794	1839	1
NA	1738	1815	1
NA	1757	1832	1
NA	1727	1817	1
NA	1749	1801	1
NA	1733	1803	1
NA	1668	1747	1
NA	1640	1723	1
NA	1747	1824	1
NA	1780	1843	1
NA	1761	1830	1
NA	1676	1723	1
NA	1758	1834	1
NA	1767	1807	1
NA	1743	1803	1
NA	1745	1804	1
NA	1685	1747	1
NA	-1746	-1746	1
NA	1790	1870	1
NA	-1618	-1618	1
NA	1758	1813	1
NA	1784	1854	1
NA	1742	1801	1
NA	1761	1807	1
NA	1704	1763	1
NA	1714	1788	1
NA	1772	1829	1
NA	1743	1795	1
NA	1771	1818	1
NA	1747	1829	1
NA	1796	1866	1
NA	1776	1833	1
NA	1669	1732	1
NA	1720	1785	1
NA	1693	1740	1
NA	1668	1714	1
NA	1715	1766	1
1764	NA	NA	1
NA	1702	1765	1
NA	-1760	-1760	1
NA	1685	1739	1
NA	1702	1764	1
NA	1762	1811	1
NA	1783	1838	1
NA	1530	1600	1
NA	1752	1827	1
NA	1693	1739	1
NA	1738	1823	1
NA	1746	1784	1
NA	1798	1842	1
NA	1752	1810	1
NA	1641	1695	1
NA	1675	1715	1
NA	1775	1818	1
NA	1782	1826	1
NA	1735	1805	1
NA	1763	1831	1
NA	1773	1830	1
NA	1728	1801	1
NA	1710	1772	1
NA	1783	1851	1
NA	1724	1804	1
NA	1680	1752	1
NA	1700	1764	1
NA	1731	1773	1
NA	1767	1812	1
NA	1744	1808	1
NA	1711	1767	1
NA	1712	1773	1
NA	1711	1792	1
NA	1663	1732	1
NA	1712	1776	1
NA	1757	1828	1
NA	1748	1816	1
NA	1728	1820	1
NA	1738	1850	1
NA	1767	1816	1
NA	-1842	-1842	1
NA	1767	1829	1
NA	1731	1788	1
NA	1690	1764	1
NA	1698	1735	1
NA	1780	1832	1
NA	1763	1836	1
NA	1724	1775	1
NA	1709	1765	1
NA	1757	1798	1
NA	1725	1803	1
NA	1726	1775	1
NA	1724	1794	1
NA	1726	1773	1
NA	1682	1745	1
NA	-1786	-1786	1
NA	1726	1793	1
NA	1666	1724	1
NA	1800	1856	1
NA	1706	1769	1
NA	1669	1725	1
NA	1685	1742	1
NA	1778	1855	1
NA	1731	1782	1
NA	-1816	-1816	1
NA	1778	1848	1
NA	1769	1826	1
NA	1769	1834	1
NA	-1758	-1758	1
NA	1719	1801	1
NA	1703	1786	1
NA	1765	1835	1
NA	1751	1817	1
NA	1659	1733	1
NA	1660	1731	1
NA	-1782	-1782	1
NA	1797	1867	1
NA	1693	1763	1
NA	1720	1781	1
NA	1764	1837	1
NA	1737	1798	1
NA	1766	1837	1
NA	1770	1812	1
NA	-1783	-1783	1
NA	1723	1808	1
NA	1740	1799	1
NA	1762	1854	1
NA	1752	1821	1
NA	1712	1795	1
NA	1739	1813	1
NA	1656	1739	1
NA	1733	1783	1
NA	1715	1797	1
NA	1760	1846	1
NA	1706	1775	1
NA	1756	1812	1
NA	1757	1820	1
NA	1653	1729	1
NA	1693	1769	1
NA	1768	1845	1
NA	1699	1788	1
NA	1768	1819	1
NA	-1720	-1720	1
NA	1750	1799	1
NA	1787	1835	1
NA	1706	1781	1
NA	1773	1839	1
NA	1724	1781	1
NA	1705	1769	1
NA	1784	1837	1
NA	1792	1854	1
NA	1767	1844	1
NA	1773	1842	1
NA	-1766	-1766	1
NA	1785	1861	1
NA	1771	1839	1
NA	1795	1832	1
NA	1753	1809	1
NA	1758	1830	1
NA	1726	1798	1
NA	1746	1830	1
NA	1784	1836	1
NA	1710	1736	1
NA	1786	1853	1
NA	1770	1827	1
NA	1734	1829	1
NA	1729	1817	1
NA	1771	1851	1
NA	1764	1815	1
NA	1741	1802	1
NA	1772	1843	1
NA	1756	1834	1
NA	1754	1825	1
NA	1738	1762	1
NA	1766	1831	1
NA	1769	1819	1
NA	1772	1823	1
NA	1728	1774	1
NA	1697	1759	1
NA	1734	1826	1
NA	-1748	-1748	1
NA	1670	1741	1
1787	NA	NA	1
NA	1726	1795	1
NA	1856	1898	1
NA	1806	1854	1
NA	1855	1919	1
NA	1869	1932	1
NA	1838	1916	1
NA	1855	1908	1
NA	1896	1994	1
NA	1891	1982	1
NA	1821	1893	1
1562	NA	NA	1
NA	1862	1941	1
NA	1910	1982	1
NA	1920	2000	1
NA	1889	1944	1
NA	1888	1964	1
NA	1854	1948	1
NA	1893	1973	1
NA	1914	1977	1
NA	1910	1961	1
NA	1901	1944	1
NA	1871	1913	1
NA	1880	1915	1
NA	1863	1923	1
NA	1881	1954	1
NA	1855	1930	1
NA	1870	1928	1
NA	1857	1916	1
NA	1865	1946	1
NA	1815	1845	1
NA	1923	1985	1
NA	1914	1970	1
NA	1906	1958	1
NA	1900	1974	1
NA	1834	1896	1
NA	1837	1899	1
NA	1865	1922	1
NA	1859	1939	1
NA	1836	1893	1
NA	1847	1914	1
NA	1881	1938	1
NA	1880	1928	1
NA	1894	1935	1
NA	1891	1925	1
1952	NA	NA	1
NA	1831	1901	1
NA	1854	1921	1
NA	1876	1926	1
1876	NA	NA	1
NA	1751	1777	1
NA	1868	1958	1
NA	1845	1932	1
NA	1846	1886	1
NA	1879	1926	1
NA	1866	1960	1
NA	1827	1894	1
NA	1837	1931	1
NA	1870	1926	1
NA	1854	1917	1
NA	1847	1929	1
NA	1849	1921	1
NA	1854	1932	1
NA	1872	1924	1
NA	1862	1895	1
NA	1924	1998	1
NA	1913	2009	1
NA	1928	1993	1
NA	1903	2001	1
NA	1873	1961	1
NA	1927	2004	1
NA	1883	1939	1
NA	1905	1966	1
NA	1879	1975	1
NA	1885	1954	1
NA	1899	1988	1
NA	1898	1967	1
NA	1918	1990	1
NA	1911	1975	1
NA	1915	1987	1
NA	1879	1961	1
NA	1804	1878	1
NA	1830	1916	1
NA	1895	1933	1
NA	1826	1900	1
NA	1891	1949	1
NA	1880	1920	1
NA	1890	1944	1
NA	1226	1286	1
NA	1785	1858	1
NA	1886	1926	1
NA	1860	1931	1
NA	1844	1924	1
NA	1888	1946	1
NA	1872	1970	1
NA	1862	1927	1
NA	1858	1942	1
NA	1893	1936	1
NA	1873	1949	1
NA	1875	1962	1
NA	1866	1935	1
NA	1889	1972	1
NA	1923	1988	1
NA	1912	2003	1
NA	1923	1999	1
NA	1922	1960	1
NA	1927	2015	1
NA	1927	2008	1
NA	1918	1996	1
NA	1867	1948	1
NA	1881	1949	1
NA	1899	1989	1
NA	1893	1986	1
NA	1860	1942	1
NA	1924	1994	1
NA	1927	1990	1
NA	1908	1957	1
NA	1929	1983	1
NA	1912	2004	1
NA	1892	1955	1
NA	1880	1967	1
NA	1901	1958	1
NA	1906	1990	1
NA	1921	2012	1
NA	1926	2008	1
NA	1920	1975	1
NA	1919	2002	1
NA	1915	2007	1
NA	1910	1981	1
NA	1916	1984	1
NA	1850	1894	1
NA	1920	1980	1
NA	1915	1992	1
NA	1926	1999	1
NA	1917	1997	1
NA	1928	1994	1
NA	1911	1973	1
NA	1914	1990	1
NA	1910	1993	1
NA	1890	1979	1
NA	1554	1586	1
NA	1930	2005	1
NA	1933	1988	1
NA	1908	2006	1
NA	1908	1975	1
NA	1905	1959	1
NA	1918	1970	1
NA	1910	1998	1
NA	1915	1988	1
NA	1916	2001	1
NA	1916	2003	1
NA	1916	2000	1
NA	1906	2000	1
NA	1592	1655	1
NA	1932	2002	1
NA	1911	1982	1
NA	1923	2014	1
NA	1926	2010	1
NA	1917	1983	1
NA	1918	2007	1
NA	1922	1999	1
NA	1901	1986	1
NA	1908	1998	1
NA	1922	1993	1
NA	1923	1998	1
NA	1926	2000	1
NA	1909	1991	1
NA	1927	1997	1
NA	1900	1961	1
NA	1893	1967	1
NA	1915	1971	1
NA	1908	1958	1
NA	1911	1966	1
NA	1905	1967	1
NA	1921	2010	1
NA	1920	2004	1
NA	1891	1954	1
NA	1894	1949	1
NA	1810	1858	1
NA	1906	1996	1
NA	1894	1988	1
NA	1895	1956	1
NA	1901	1989	1
NA	1924	2013	1
NA	1913	1975	1
NA	1905	1962	1
NA	1916	1963	1
NA	1920	2008	1
NA	1920	2006	1
NA	1913	1989	1
NA	1917	1972	1
NA	1918	1997	1
NA	1889	1967	1
NA	1903	1948	1
NA	1918	2008	1
NA	1919	2009	1
NA	1906	1947	1
NA	1900	1977	1
NA	1923	2015	1
NA	1897	1987	1
NA	1916	1965	1
NA	1873	1978	1
NA	1913	1960	1
NA	1861	1947	1
NA	1914	1974	1
NA	1915	1978	1
NA	1895	1954	1
NA	1904	1960	1
NA	1910	2002	1
NA	1893	1961	1
NA	1898	1969	1
NA	1894	1977	1
NA	1918	1991	1
NA	1882	1971	1
NA	1907	1956	1
NA	1901	1953	1
NA	1896	1900	1
NA	1905	1992	1
NA	1911	2005	1
NA	1908	1959	1
NA	1911	2004	1
NA	1832	1898	1
NA	1917	1993	1
NA	1909	1981	1
NA	1899	1947	1
NA	1889	1989	1
NA	1912	1992	1
NA	1914	1975	1
NA	1923	2008	1
NA	1910	1967	1
NA	1887	1948	1
NA	1899	1961	1
NA	1928	2003	1
NA	1918	2004	1
NA	1901	1994	1
NA	1896	1982	1
NA	1905	2004	1
NA	1884	1978	1
NA	1891	1951	1
NA	1546	1601	1
NA	1865	1940	1
NA	1907	1941	1
NA	1869	1939	1
NA	1902	2000	1
NA	1900	1954	1
NA	1891	1939	1
1912	NA	NA	1
1150	NA	NA	1
NA	1905	1947	1
NA	1879	1980	1
NA	1889	1819	1
NA	1900	1943	1
NA	1905	2001	1
NA	1832	1888	1
NA	1839	1903	1
NA	1884	1975	1
NA	1897	1993	1
NA	1867	1950	1
NA	1882	1941	1
NA	1909	1992	1
NA	1904	1972	1
NA	1896	1935	1
NA	1867	1938	1
NA	1177	1236	1
NA	1891	1953	1
NA	1909	1979	1
NA	1891	1985	1
NA	1882	1975	1
NA	1897	1977	1
NA	1897	1974	1
NA	1895	1992	1
NA	1904	2000	1
NA	1875	1936	1
NA	1858	1935	1
NA	1893	1937	1
NA	1830	1914	1
NA	1733	1767	1
NA	1898	1950	1
NA	1895	1985	1
NA	1542	1609	1
NA	1879	1943	1
NA	1902	2003	1
NA	1855	1898	1
NA	1878	1968	1
NA	1877	1935	1
NA	1895	1939	1
NA	1879	1915	1
NA	1873	1941	1
NA	1874	1928	1
NA	1875	1933	1
NA	1865	1934	1
NA	1815	1880	1
NA	1862	1945	1
NA	1886	1984	1
NA	1928	2008	1
NA	1895	1997	1
NA	1910	1994	1
NA	1703	1791	1
NA	1862	1909	1
NA	1810	1902	1
NA	1891	1967	1
NA	1917	2008	1
NA	1813	1869	1
NA	1871	1941	1
NA	1850	1897	1
NA	1852	1940	1
NA	1852	1908	1
NA	1880	1905	1
NA	1927	1986	1
NA	1916	2011	1
NA	1867	1962	1
NA	1851	1902	1
NA	1857	1884	1
NA	1852	1904	1
NA	1857	1936	1
NA	1818	1884	1
NA	1822	1872	1
NA	1858	1924	1
NA	1858	1911	1
NA	1855	1924	1
NA	1900	1987	1
NA	1926	1994	1
NA	1880	1966	1
